datetime,open,high,low,close,volume,signals,signal_type
2018-01-07,17069.79,17099.96,15610.0,16150.03,12493.125558,-1,market
2018-01-13,13749.95,14580.0,13706.15,14210.0,12221.508528,2,market
2018-01-14 10:03:00,13899.95,13929.0,13804.62,13825.05,71.782443,-1,tpsl
2018-01-15,13477.98,14249.99,13147.79,13539.93,14652.094705,-1,market
2018-01-17 03:48:00,9500.0,9501.0,9280.0,9400.0,430.752358,1,tpsl
2018-01-19,10960.0,11795.0,10360.0,11474.98,34129.375421,1,market
2018-01-20 00:00:00,11102.04,11195.71,11082.1,11157.04,136.743893,-1,tpsl
2018-01-22,11530.0,11926.35,9900.24,10760.05,43752.606791,-1,market
2018-01-23 21:54:00,10909.95,11078.0,10900.61,11041.05,184.019139,1,tpsl
2018-01-25,11349.96,11794.05,10950.21,11175.27,20839.954183,1,market
2018-01-26 13:33:00,10995.97,10999.99,10821.11,10847.64,283.210562,-1,tpsl
2018-01-29,11879.95,11975.02,11139.55,11251.0,14170.377538,-1,market
2018-02-05 13:42:00,7944.22,7950.0,7822.0,7827.23,246.561631,1,tpsl
2018-02-07,7655.02,8476.0,7150.01,7599.0,60778.460497,1,market
2018-02-11,8533.99,8549.0,7726.53,8063.88,45025.187952,-2,market
2018-02-12 00:12:00,8269.52,8280.31,8259.59,8273.87,58.792399,1,tpsl
2018-02-19,10375.01,11250.0,10270.33,11153.0,40831.417131,-1,market
2018-02-20 06:30:00,11409.0,11447.0,11400.0,11447.0,116.158885,1,tpsl
2018-02-21,11195.07,11304.03,10200.0,10437.6,68113.818754,-1,market
2018-02-22 07:42:00,10650.16,10724.98,10650.13,10710.11,265.921287,1,tpsl
2018-02-26,9590.0,10444.32,9350.0,10324.0,34878.292756,1,market
2018-03-06,11455.0,11455.0,10555.48,10716.48,29515.572363,-2,market
2018-03-11,8770.22,9740.0,8450.0,9533.57,44325.973386,2,market
2018-03-12 20:24:00,9377.38,9377.42,9275.0,9275.5,249.013176,-1,tpsl
2018-03-13,9131.34,9474.0,8823.0,9150.0,40191.409358,-1,market
2018-03-19,8189.0,8705.23,8088.4,8600.0,55297.084942,2,market
2018-03-20 00:06:00,8403.94,8420.0,8371.0,8372.31,80.807783,-1,tpsl
2018-03-22,8884.82,9100.0,8465.1,8722.9,40617.556809,-1,market
2018-03-24 10:15:00,8925.0,8951.73,8920.06,8951.0,143.277029,1,tpsl
2018-04-02,6813.01,7125.0,6765.0,7056.0,32123.560072,1,market
2018-04-04 19:48:00,6890.96,6896.9,6862.8,6869.99,195.74172,-1,tpsl
2018-04-05,6796.1,6902.0,6566.69,6770.76,39029.73146,-1,market
2018-04-07 20:57:00,6896.24,6985.0,6896.12,6974.01,450.194185,1,tpsl
2018-04-08,6895.81,7109.13,6880.0,7018.0,21427.673165,1,market
2018-04-09 15:48:00,6950.0,6955.51,6800.0,6805.02,911.526291,-1,tpsl
2018-04-10,6781.55,6890.0,6656.0,6843.9,22326.728095,-1,market
2018-04-11,6839.56,6990.0,6787.0,6953.79,23997.871177,2,market
2018-04-12 12:27:00,6830.0,6844.19,6765.0,6776.4,714.495728,-1,tpsl
2018-04-17,8064.92,8173.7,7825.4,7885.02,32152.603567,-1,market
2018-04-18 00:00:00,8089.0,8106.6,8089.0,8102.08,27.144775,1,tpsl
2018-04-19,8173.99,8296.0,8080.0,8278.0,27113.847464,1,market
2018-04-26,8869.99,9307.48,8651.62,9266.0,43300.304245,-2,market
2018-04-27,9267.03,9395.0,8889.0,8915.35,37241.347036,2,market
2018-04-28,8915.35,9427.48,8870.0,9348.0,34759.62842,-2,market
2018-04-29,9348.0,9570.51,9163.74,9419.0,38149.850035,2,market
2018-04-30 13:18:00,9215.0,9215.01,9180.0,9182.98,160.755909,-1,tpsl
2018-05-01,9246.01,9248.99,8800.49,9071.48,41018.463633,-1,market
2018-05-03 09:42:00,9289.98,9315.68,9289.01,9309.94,192.428835,1,tpsl
2018-05-07,9661.02,9689.67,9181.0,9365.0,33787.640012,-1,market
2018-05-13,8475.44,8763.36,8298.0,8679.71,25632.869362,2,market
2018-05-14 08:51:00,8485.66,8492.97,8422.56,8439.12,374.27725,-1,tpsl
2018-05-16,8462.0,8488.0,8083.01,8330.0,31130.718908,-1,market
2018-05-19,8238.01,8390.8,8095.73,8233.49,17193.424276,2,market
2018-05-22,8386.89,8400.18,7935.11,7977.11,23710.902858,-2,market
2018-05-23 00:00:00,8195.2,8195.2,8180.0,8187.9,76.623046,1,tpsl
2018-05-30,7467.98,7569.0,7260.5,7375.96,32041.583623,1,market
2018-06-05,7487.0,7679.49,7358.0,7625.0,31722.973384,-2,market
2018-06-06,7626.64,7699.0,7467.05,7658.84,27229.991898,2,market
2018-06-07,7658.79,7765.0,7620.0,7691.08,25062.227202,-2,market
2018-06-08,7691.08,7703.5,7531.0,7603.44,23396.804671,2,market
2018-06-09,7603.44,7683.98,7450.0,7491.73,19339.885176,-2,market
2018-06-15,6638.67,6666.66,6362.31,6388.9,30018.329905,2,market
2018-06-16,6380.01,6560.0,6320.86,6483.98,22277.241147,-2,market
2018-06-17,6482.5,6589.03,6422.0,6449.61,19847.247688,2,market
2018-06-21,6763.21,6795.0,6672.57,6718.84,25428.854048,-2,market
2018-06-26,6252.0,6272.54,6035.0,6070.78,19377.240484,2,market
2018-06-27,6065.89,6190.43,5971.0,6133.73,19225.671098,-2,market
2018-06-30 07:03:00,6274.45,6388.0,6274.41,6387.99,769.410969,1,tpsl
2018-07-04,6511.01,6784.92,6441.11,6586.98,23571.892777,-1,market
2018-07-05,6585.53,6712.0,6453.33,6529.2,35071.972898,2,market
2018-07-06,6529.2,6648.54,6425.0,6609.78,29397.094748,-2,market
2018-07-07,6609.79,6818.16,6508.88,6756.98,23973.876886,2,market
2018-07-08 00:00:00,6544.24,6547.29,6539.92,6543.82,20.390055,-1,tpsl
2018-07-09,6712.1,6802.06,6612.24,6662.12,26732.40655,-1,market
2018-07-14,6214.57,6335.0,6178.0,6251.99,17783.071999,2,market
2018-07-21,7337.47,7458.47,7211.0,7398.78,28886.490291,-2,market
2018-07-23 07:45:00,7569.78,7605.32,7556.48,7595.83,233.364542,1,tpsl
2018-07-26,8175.63,8315.69,7850.06,7920.0,43223.481682,-1,market
2018-07-27 00:00:00,8232.14,8232.14,8228.01,8231.23,15.047263,1,tpsl
2018-07-28,8188.57,8246.54,8067.0,8225.04,26215.173839,1,market
2018-07-30 23:06:00,8075.0,8076.61,7960.0,7967.85,1273.976246,-1,tpsl
2018-07-31,8171.4,8180.0,7633.0,7730.93,48296.915587,-1,market
2018-08-12,6222.55,6472.3,6130.0,6308.33,38567.770712,2,market
2018-08-14 07:15:00,6169.26,6169.27,6057.73,6061.93,1266.897492,-1,tpsl
2018-08-15,6188.08,6609.0,6172.11,6267.16,68806.687026,1,market
2018-08-19,6387.96,6541.0,6300.0,6477.53,45190.847994,-2,market
2018-08-22 06:30:00,6461.04,6695.0,6448.87,6640.0,1852.813989,1,tpsl
2018-08-30,7033.21,7063.63,6784.81,6984.84,44716.77462,-1,market
2018-09-01 20:30:00,7129.99,7225.0,7127.01,7187.82,1552.036646,1,tpsl
2018-09-05,7359.05,7397.3,6682.0,6700.0,63715.256267,-1,market
2018-09-06 00:00:00,6902.79,6908.71,6895.01,6901.13,290.345432,1,tpsl
2018-09-10,6252.26,6373.98,6221.0,6312.0,32439.456432,1,market
2018-09-17,6500.08,6533.84,6201.0,6248.69,35987.254738,-2,market
2018-09-19,6336.39,6517.7,6123.0,6391.89,39044.080082,2,market
2018-09-20 00:09:00,6240.08,6250.0,6220.0,6225.0,129.556651,-1,tpsl
2018-09-24,6706.81,6730.0,6557.0,6581.39,35305.73991,-1,market
2018-09-27,6467.84,6750.0,6434.0,6689.13,33087.428297,2,market
2018-09-28 00:03:00,6523.27,6526.07,6518.0,6518.99,100.627909,-1,tpsl
2018-10-01,6626.57,6667.09,6510.0,6611.61,20621.506894,-1,market
2018-10-05,6591.69,6697.0,6543.08,6635.65,16096.552392,2,market
2018-10-10,6656.67,6659.95,6530.0,6631.0,15390.661444,-2,market
2018-10-14,6332.92,6416.0,6308.0,6339.34,15627.411314,2,market
2018-10-18,6739.01,6796.0,6567.0,6618.96,20116.521941,-2,market
2018-10-21,6585.72,6663.9,6580.0,6590.11,6515.357792,2,market
2018-10-22,6590.12,6639.0,6535.27,6581.2,16213.69266,-2,market
2018-10-23,6581.2,6595.0,6515.45,6553.51,13856.601756,2,market
2018-10-24,6553.51,6630.0,6547.53,6565.5,11951.543977,-2,market
2018-11-01,6369.52,6442.65,6348.66,6410.0,9099.035841,2,market
2018-11-09,6479.84,6511.53,6391.01,6419.99,11787.616583,-2,market
2018-11-12,6450.71,6497.0,6421.0,6453.07,10132.782567,2,market
2018-11-14 20:42:00,6298.54,6298.54,6266.68,6268.77,273.470556,-1,tpsl
2018-11-28,3875.63,4394.47,3874.27,4264.85,91983.567949,1,market
2018-11-29 07:24:00,4161.33,4163.84,4136.0,4155.5,457.744663,-1,tpsl
2018-11-30,4295.72,4341.36,3943.0,4041.32,67758.446283,-1,market
2018-12-01 15:51:00,4132.49,4170.0,4125.01,4158.77,483.525676,1,tpsl
2018-12-09,3411.36,3658.0,3394.04,3545.37,45956.893296,1,market
2018-12-10 20:30:00,3474.47,3474.77,3419.56,3441.31,856.02206,-1,tpsl
2018-12-11,3434.01,3480.0,3324.32,3380.39,35920.864154,-1,market
2018-12-12 21:15:00,3455.8,3473.16,3455.02,3469.26,252.32173,1,tpsl
2018-12-13,3446.38,3460.0,3255.5,3302.06,40040.917013,-1,market
2018-12-14 00:00:00,3391.05,3392.74,3390.0,3390.1,29.915829,1,tpsl
2018-12-17,3229.22,3585.0,3216.0,3509.08,66761.751697,1,market
2018-12-22,3840.25,3979.0,3785.0,3948.91,42822.350872,-2,market
2018-12-23,3948.91,4021.53,3870.0,3929.71,40117.531529,2,market
2018-12-24,3929.71,4198.0,3924.83,4008.01,64647.809129,-2,market
2018-12-29,3839.0,3892.0,3670.0,3695.32,38874.373903,2,market
2019-01-04,3767.2,3823.64,3703.57,3792.01,29519.554671,-2,market
2019-01-05,3790.09,3840.99,3751.0,3770.96,30490.667751,2,market
2019-01-09,3955.45,4006.81,3930.04,3966.65,28989.439511,-2,market
2019-01-14,3477.56,3671.87,3467.02,3626.09,35235.211215,2,market
2019-01-16 02:09:00,3557.27,3558.71,3516.62,3533.05,921.320922,-1,tpsl
2019-01-18,3613.32,3620.0,3565.75,3594.87,22713.446755,-1,market
2019-01-19 15:33:00,3671.97,3720.0,3671.97,3708.87,2228.666389,1,tpsl
2019-01-20,3665.75,3693.73,3475.0,3539.28,27901.938598,-1,market
2019-01-23,3570.41,3607.98,3514.5,3552.82,24938.842698,2,market
2019-01-24,3552.97,3589.0,3529.22,3569.62,20826.25118,-2,market
2019-01-25,3569.07,3587.15,3522.51,3565.29,17608.346671,2,market
2019-01-26,3566.69,3662.94,3545.0,3565.25,19476.532344,-2,market
2019-01-27,3565.62,3579.0,3486.0,3550.84,22735.598162,2,market
2019-01-28 10:51:00,3467.98,3467.98,3458.03,3459.31,87.20772,-1,tpsl
2019-01-31,3457.5,3489.2,3418.8,3434.1,29607.190253,1,market
2019-02-04,3458.11,3484.88,3433.31,3463.22,23131.981108,-2,market
2019-02-05,3463.22,3478.97,3448.43,3471.59,25264.41503,2,market
2019-02-06,3471.57,3482.72,3380.0,3405.37,35310.244846,-2,market
2019-02-08 21:09:00,3467.16,3498.0,3467.14,3497.93,496.748496,1,tpsl
2019-02-12,3631.05,3667.6,3582.34,3631.46,29479.59823,-1,market
2019-02-16,3602.49,3648.2,3597.91,3618.41,19565.992751,2,market
2019-02-22,3937.31,3988.0,3926.65,3962.0,23943.16375,-2,market
2019-02-23 23:18:00,4065.64,4076.68,4059.0,4074.14,295.576312,1,tpsl
2019-02-24,4118.0,4198.0,3712.66,3743.56,62224.18689,-1,market
2019-02-25 22:18:00,3836.04,3839.99,3832.14,3839.23,115.963623,1,tpsl
2019-02-28,3818.04,3888.0,3763.87,3813.69,32561.961044,1,market
2019-03-02,3822.17,3841.31,3772.25,3819.93,19445.838355,-2,market
2019-03-03,3819.97,3835.0,3781.32,3807.75,16718.16541,2,market
2019-03-04 15:24:00,3715.07,3717.0,3712.03,3712.03,58.55753,-1,tpsl
2019-03-05,3716.1,3877.1,3703.55,3857.73,32962.536162,1,market
2019-03-11,3915.99,3936.98,3830.0,3871.61,38066.885705,-2,market
2019-03-15,3877.12,3939.22,3872.2,3923.76,21740.061498,2,market
2019-03-21,4043.04,4069.32,3880.01,3980.64,35997.682119,-2,market
2019-03-24,4006.01,4006.02,3950.0,3992.18,17179.850648,2,market
2019-03-25,3991.35,3999.3,3888.71,3936.12,33192.890217,-2,market
2019-03-27 17:18:00,4032.41,4035.32,4030.62,4034.89,107.127689,1,tpsl
2019-04-11,5307.86,5332.67,4927.0,5017.37,54696.600686,-1,market
2019-04-14,5047.45,5152.99,5000.0,5131.3,18281.607739,2,market
2019-04-16 01:09:00,5019.1,5024.04,5000.0,5000.01,302.534983,-1,tpsl
2019-04-21,5292.91,5314.35,5165.0,5256.14,25549.570939,-1,market
2019-04-22,5257.41,5400.0,5208.35,5357.14,29563.852309,2,market
2019-04-25,5415.0,5491.84,5102.0,5219.9,49636.089948,-2,market
2019-04-26 00:00:00,5472.71,5472.93,5469.91,5469.91,19.812677,1,tpsl
2019-04-29,5309.81,5332.0,5178.8,5238.14,19918.135079,1,market
2019-04-30,5238.14,5339.98,5192.15,5320.81,22238.06823,-2,market
2019-05-01,5321.94,5402.0,5316.2,5383.2,17217.473216,2,market
2019-05-06,5773.18,5805.0,5619.14,5747.79,25256.596325,-2,market
2019-05-07 08:03:00,5879.06,5900.0,5875.89,5899.0,572.629605,1,tpsl
2019-05-08,5846.34,6014.72,5772.2,5987.29,23074.05152,1,market
2019-05-13 20:42:00,7690.53,7869.08,7653.01,7791.28,1460.910165,-1,tpsl
2019-05-17,7868.67,7925.0,6913.0,7355.26,88752.008159,-1,market
2019-05-19 06:57:00,7501.22,7543.01,7498.86,7539.33,256.708023,1,tpsl
2019-05-22,7904.48,8016.0,7465.0,7628.43,49136.994589,-1,market
2019-05-23 00:00:00,7873.42,7875.0,7857.52,7859.02,61.437243,1,tpsl
2019-05-24,7849.95,8130.0,7766.0,7964.87,46664.785325,1,market
2019-05-30,8646.5,9074.26,8005.0,8269.54,70379.998521,-2,market
2019-05-31 00:00:00,8623.92,8624.2,8616.0,8616.0,45.888628,1,tpsl
2019-06-01,8555.0,8626.0,8442.36,8544.07,31868.234157,1,market
2019-06-03,8726.0,8800.95,8080.8,8115.82,45692.965104,-2,market
2019-06-04 00:00:00,8507.84,8531.14,8507.84,8525.24,42.004902,1,tpsl
2019-06-07,7787.57,8100.0,7737.49,7980.53,33942.225658,1,market
2019-06-08 23:03:00,7797.15,7801.72,7767.24,7768.78,125.290043,-1,tpsl
2019-06-09,7895.28,7935.0,7506.66,7628.13,31568.465157,-1,market
2019-06-10 17:00:00,7788.88,7840.0,7787.01,7824.56,866.960586,1,tpsl
2019-06-19,9081.97,9304.0,8960.0,9255.49,32147.706495,-1,market
2019-06-20,9253.76,9590.0,9175.2,9517.12,34556.053982,2,market
2019-06-26 10:12:00,12354.99,12455.0,12350.0,12406.49,556.333122,-1,tpsl
2019-06-28,11329.99,12480.0,10982.88,12400.63,95795.203964,-1,market
2019-06-29,12407.06,12441.54,11475.02,11903.13,69642.074157,2,market
2019-06-30 16:06:00,11648.06,11655.9,11576.1,11581.57,180.958366,-1,tpsl
2019-07-03,10844.98,11991.89,10841.04,11940.0,96815.90029,1,market
2019-07-04 00:00:00,11083.56,11115.0,11074.61,11094.44,336.344004,-1,tpsl
2019-07-05,11145.67,11406.83,10796.44,10970.73,63534.350582,-1,market
2019-07-06 05:39:00,11225.84,11330.0,11225.64,11293.82,349.944748,1,tpsl
2019-07-11,12108.11,12111.73,11000.0,11342.89,87506.461058,-1,market
2019-07-12 00:00:00,11643.91,11655.39,11635.46,11641.82,67.531417,1,tpsl
2019-07-18,9668.86,10788.0,9252.0,10627.16,80283.310252,1,market
2019-07-19 13:54:00,10493.8,10523.0,10267.79,10353.14,1176.865419,-1,tpsl
2019-07-22,10590.15,10683.16,10100.0,10340.31,40467.954839,-1,market
2019-07-26,9882.15,9889.98,9637.0,9824.0,27167.463217,2,market
2019-07-27 16:03:00,9590.42,9594.76,9440.0,9536.8,1191.232102,-1,tpsl
2019-07-30,9509.07,9714.28,9402.0,9574.21,32536.368834,1,market
2019-08-09,11994.17,12045.68,11700.0,11879.99,39427.152588,-2,market
2019-08-17,10331.15,10465.14,10000.0,10216.02,29000.581201,2,market
2019-08-21 18:15:00,9964.66,9992.55,9946.3,9960.01,339.533122,-1,tpsl
2019-08-26,10142.69,10604.0,10137.93,10372.25,41687.511599,1,market
2019-08-27 16:12:00,10125.4,10132.34,10103.43,10111.47,77.605797,-1,tpsl
2019-08-28,10185.69,10299.0,9601.01,9721.0,42110.555375,-1,market
2019-09-01,9588.74,9830.0,9520.0,9724.98,19545.404843,2,market
2019-09-06,10563.13,10905.87,10150.0,10298.73,58799.640959,-2,market
2019-09-08 09:33:00,10547.01,10569.46,10545.0,10568.14,96.815207,1,tpsl
2019-09-09,10381.24,10480.0,10068.5,10303.12,39835.727608,-1,market
2019-09-12,10158.75,10448.81,10040.0,10415.01,34511.162755,2,market
2019-09-16 18:12:00,10161.88,10162.08,10138.0,10149.99,242.521344,-1,tpsl
2019-09-20,10243.7,10281.0,10061.39,10168.59,25088.491069,1,market
2019-09-21 18:12:00,9990.55,9996.39,9900.0,9910.0,590.358791,-1,tpsl
2019-09-28,8177.47,8315.0,8001.09,8198.81,34473.605165,1,market
2019-09-29 18:06:00,8020.32,8021.79,7908.08,7939.83,1043.987443,-1,tpsl
2019-10-02,8292.67,8373.91,8151.22,8359.94,26243.386644,-1,market
2019-10-03,8360.0,8393.0,8060.0,8223.96,30488.284058,2,market
2019-10-04,8224.43,8232.41,8005.0,8137.13,26476.330404,-2,market
2019-10-08,8190.82,8325.0,8088.75,8168.39,35452.657423,2,market
2019-10-11,8557.82,8779.51,8212.38,8258.5,50405.284418,-2,market
2019-10-15,8346.86,8403.0,8090.0,8159.29,32773.062476,2,market
2019-10-16 18:00:00,7995.19,7995.97,7923.5,7951.75,1037.838548,-1,tpsl
2019-10-20,7949.87,8297.0,7870.0,8223.35,34286.452654,1,market
2019-10-22,8197.28,8297.99,8000.0,8020.0,34651.828663,-2,market
2019-10-25 21:18:00,8090.0,8300.0,8065.75,8299.9,1828.964512,1,tpsl
2019-10-29,9204.45,9550.0,9072.0,9407.62,64158.462446,-1,market
2019-11-02,9231.4,9373.74,9186.21,9289.52,28923.060828,2,market
2019-11-07,9339.16,9375.0,9101.0,9216.2,39117.470853,-2,market
2019-11-10,8809.18,9147.19,8750.0,9039.47,34422.029797,2,market
2019-11-11 12:12:00,8819.7,8822.28,8761.0,8789.71,606.146891,-1,tpsl
2019-11-12,8733.36,8888.0,8567.6,8821.94,40366.629471,-1,market
2019-11-13,8821.91,8844.99,8702.0,8777.12,26810.116918,2,market
2019-11-14,8777.54,8800.0,8582.6,8646.68,33468.468961,-2,market
2019-11-26,7109.99,7340.0,7017.48,7156.14,65722.39769,2,market
2019-11-27 14:30:00,7031.17,7037.97,6915.11,6941.64,1785.714877,-1,tpsl
2019-12-01,7540.63,7541.85,7210.0,7390.89,60769.342313,-1,market
2019-12-04 18:57:00,7580.97,7619.15,7522.81,7593.99,1493.982466,1,tpsl
2019-12-05,7194.59,7485.0,7150.0,7389.0,59306.678855,1,market
2019-12-09,7510.11,7650.0,7273.0,7338.64,46621.887493,-2,market
2019-12-14,7257.37,7271.77,7012.0,7064.05,29561.985967,2,market
2019-12-15,7064.14,7200.3,7008.35,7118.59,26395.778137,-2,market
2019-12-18,6623.84,7440.0,6435.0,7277.83,95636.651251,2,market
2019-12-19 00:00:00,6844.5,6849.38,6838.03,6838.37,78.609032,-1,tpsl
2019-12-24,7317.3,7436.68,7157.04,7255.77,43629.494188,-1,market
2019-12-28,7254.77,7365.01,7238.67,7316.14,26848.982199,2,market
2019-12-31,7246.0,7320.0,7145.01,7195.23,25954.453533,-2,market
2020-01-03 21:45:00,7356.78,7405.0,7355.68,7389.93,1334.452606,1,tpsl
2020-01-04,7345.0,7404.0,7272.21,7354.11,29987.974977,1,market
2020-01-09,8054.72,8055.96,7750.0,7817.76,64239.51983,-2,market
2020-01-10 20:42:00,7984.4,8043.75,7984.23,8040.84,1115.141355,1,tpsl
2020-01-11,8198.86,8286.34,8003.16,8020.01,54810.032667,1,market
2020-01-12,8020.01,8197.0,7960.0,8184.98,38131.494336,-2,market
2020-01-13,8184.97,8196.0,8055.89,8110.34,31159.755683,2,market
2020-01-19,8915.09,9198.98,8466.0,8701.7,70676.889259,-2,market
2020-01-22,8736.04,8818.0,8590.0,8682.36,29080.557138,2,market
2020-01-23 14:30:00,8511.0,8518.17,8450.0,8463.77,1347.648524,-1,tpsl
2020-01-26,8340.01,8618.13,8293.66,8615.0,31130.485164,1,market
2020-02-01,9351.71,9464.53,9281.0,9384.61,28578.067354,-2,market
2020-02-05 23:42:00,9609.41,9649.0,9609.41,9648.96,706.751871,1,tpsl
2020-02-11,9851.74,10323.59,9700.0,10223.08,62422.395224,-1,market
2020-02-12,10223.08,10450.0,10223.08,10326.46,61008.06393,2,market
2020-02-15 21:21:00,10180.0,10181.4,9900.0,9913.01,3546.761506,-1,tpsl
2020-02-18,9706.0,10250.0,9576.01,10164.71,70604.124019,1,market
2020-02-20 03:15:00,9921.71,9924.28,9528.8,9620.8,2535.037182,-1,tpsl
2020-02-22,9677.05,9709.17,9560.02,9650.86,24636.757623,1,market
2020-02-25 20:03:00,9455.0,9465.23,9365.0,9388.0,775.761527,-1,tpsl
2020-03-02,8530.3,8965.75,8498.0,8915.24,60401.31773,1,market
2020-03-03 21:57:00,8704.33,8705.9,8683.0,8690.35,233.234173,-1,tpsl
2020-03-07,9130.89,9188.0,8835.0,8886.66,45422.204525,-1,market
2020-03-12 16:15:00,6354.89,6434.33,5556.0,5600.0,2634.630315,1,tpsl
2020-03-16,5360.33,5365.42,4442.12,5028.97,227276.92276,1,market
2020-03-17 01:06:00,4933.08,4960.0,4828.0,4855.28,1498.348247,-1,tpsl
2020-03-22,6187.04,6407.87,5734.01,5816.19,119115.990527,-1,market
2020-03-23 00:09:00,5920.91,6000.0,5893.7,5984.1,822.722929,1,tpsl
2020-03-27,6737.27,6842.59,6261.0,6359.11,82914.968354,-1,market
2020-03-28 00:00:00,6637.06,6644.39,6635.66,6640.29,65.123636,1,tpsl
2020-03-31,6394.45,6523.23,6321.4,6410.44,72337.595259,1,market
2020-04-01 17:36:00,6296.17,6296.44,6210.93,6237.75,1471.676775,-1,tpsl
2020-04-04,6732.97,6990.41,6650.01,6856.99,72990.861139,-1,market
2020-04-05,6857.41,6895.54,6677.52,6772.78,49685.356983,2,market
2020-04-10,7283.54,7295.75,6739.98,6858.92,104674.623375,-2,market
2020-04-12 21:42:00,7024.08,7045.45,7023.43,7040.22,280.643485,1,tpsl
2020-04-13,6903.79,6903.79,6575.0,6837.91,96415.476573,-1,market
2020-04-14,6838.04,6978.0,6754.28,6868.7,69068.623285,2,market
2020-04-15 21:24:00,6715.71,6716.3,6690.0,6691.51,329.126403,-1,tpsl
2020-04-16,6621.25,7190.0,6468.27,7101.94,125009.857539,1,market
2020-04-20 23:15:00,6950.17,6950.77,6837.03,6850.35,2842.849404,-1,tpsl
2020-04-22,6841.36,7156.38,6818.0,7125.14,61486.377334,1,market
2020-04-30 09:24:00,9238.44,9289.92,9238.33,9287.17,1084.817462,-1,tpsl
2020-05-04,8894.15,8950.0,8522.0,8871.96,84418.512331,-1,market
2020-05-05,8871.92,9118.58,8760.0,9021.83,76480.765342,2,market
2020-05-09,9800.02,9914.25,9520.0,9539.4,81950.679567,-2,market
2020-05-13,8810.99,9398.0,8792.99,9309.37,92466.274018,2,market
2020-05-14 00:24:00,9080.39,9086.78,9075.62,9076.15,88.566194,-1,tpsl
2020-05-16,9315.96,9588.0,9220.0,9381.27,59587.627862,-1,market
2020-05-17 17:36:00,9550.0,9645.0,9547.7,9625.0,1328.462278,1,tpsl
2020-05-20,9775.13,9842.0,9326.0,9511.43,74923.73809,-1,market
2020-05-26,8900.35,9017.67,8700.0,8841.18,58299.770138,2,market
2020-06-03,9518.02,9690.0,9365.21,9666.24,46252.644939,-2,market
2020-06-04,9666.32,9881.63,9450.0,9789.06,57456.100969,2,market
2020-06-06 06:06:00,9568.34,9569.07,9531.05,9539.3,507.556155,-1,tpsl
2020-06-07,9666.85,9802.0,9372.46,9746.99,57952.848385,1,market
2020-06-08,9746.99,9800.0,9633.0,9782.01,40664.664125,-2,market
2020-06-09,9782.0,9877.0,9570.0,9772.43,46024.001289,2,market
2020-06-10,9772.44,9992.72,9704.18,9885.0,47130.762982,-2,market
2020-06-13,9464.96,9494.73,9351.0,9473.34,27759.784851,2,market
2020-06-14,9473.34,9480.99,9245.0,9342.1,30055.506608,-2,market
2020-06-16 18:39:00,9571.36,9589.0,9570.51,9576.73,521.992073,1,tpsl
2020-06-17,9526.97,9565.0,9236.61,9465.14,48046.411152,-1,market
2020-06-18,9465.13,9489.0,9280.0,9386.32,37381.953765,2,market
2020-06-19,9386.32,9438.3,9215.79,9310.23,45330.983673,-2,market
2020-06-22 22:03:00,9539.47,9550.0,9539.44,9549.71,417.011009,1,tpsl
2020-06-24,9624.33,9670.0,9208.0,9296.49,61571.561464,-1,market
2020-06-29,9116.16,9238.0,9024.67,9192.56,42120.293261,2,market
2020-07-02 22:09:00,8981.4,8999.0,8940.0,8961.26,979.67435,-1,tpsl
2020-07-05,9135.0,9145.24,8893.03,9069.41,34073.653627,1,market
2020-07-10,9232.42,9317.48,9125.0,9288.34,38295.494006,-2,market
2020-07-12,9234.02,9345.0,9157.5,9302.75,30872.702286,2,market
2020-07-13,9303.31,9343.82,9200.89,9242.62,42740.069115,-2,market
2020-07-14,9242.61,9279.54,9113.0,9255.85,45772.552509,2,market
2020-07-15,9255.85,9276.49,9160.57,9197.6,39053.579665,-2,market
2020-07-18,9154.31,9219.3,9121.1,9170.28,22554.541457,2,market
2020-08-02 07:24:00,11915.91,11942.55,11915.91,11928.23,191.747583,-1,tpsl
2020-08-03,11071.36,11473.0,10936.0,11219.81,56931.841475,-1,market
2020-08-04,11219.68,11414.98,11000.0,11191.97,58629.113709,2,market
2020-08-08,11594.36,11808.27,11512.0,11761.41,41858.16104,-2,market
2020-08-09,11761.02,11797.11,11521.97,11681.68,41493.067342,2,market
2020-08-10,11681.69,12067.35,11450.0,11892.92,84952.337887,-2,market
2020-08-13,11564.34,11792.96,11270.36,11780.0,70132.491502,2,market
2020-08-14 00:21:00,11486.41,11489.69,11477.68,11483.22,56.884499,-1,tpsl
2020-08-19,11945.1,12020.08,11561.0,11754.59,73940.169606,-1,market
2020-08-23,11663.51,11718.07,11514.13,11648.13,37900.00469,2,market
2020-08-25 19:39:00,11393.19,11410.82,11350.0,11355.8,877.667077,-1,tpsl
2020-08-29,11526.9,11580.02,11417.04,11465.84,32973.7992,1,market
2020-09-02,11921.97,11954.57,11160.1,11388.54,87221.845602,-2,market
2020-09-07,10255.89,10410.75,9875.0,10373.44,62620.230676,2,market
2020-09-08 01:36:00,10136.26,10138.7,10103.0,10103.01,246.563513,-1,tpsl
2020-09-09,10126.66,10343.0,9981.01,10219.2,49347.113776,-1,market
2020-09-10 19:30:00,10437.95,10483.35,10437.94,10474.85,701.512361,1,tpsl
2020-09-13,10440.67,10580.11,10200.0,10332.83,43837.609865,-1,market
2020-09-14 18:57:00,10564.81,10615.39,10562.49,10615.02,690.812651,1,tpsl
2020-09-20,11080.64,11080.64,10723.0,10920.28,39157.922565,-1,market
2020-09-25,10736.33,10760.53,10556.24,10686.67,48101.117008,2,market
2020-09-29,10696.11,10867.54,10635.87,10840.48,41874.898399,-2,market
2020-09-30,10840.58,10849.34,10665.13,10776.59,39596.027322,2,market
2020-10-01 22:12:00,10540.13,10540.25,10464.06,10472.85,1104.407546,-1,tpsl
2020-10-04,10542.07,10696.87,10517.87,10666.63,23212.001595,1,market
2020-10-07,10599.65,10681.87,10546.17,10666.39,32811.990279,-2,market
2020-10-08,10666.4,10950.0,10530.41,10925.57,51959.691572,2,market
2020-10-14,11420.57,11547.98,11280.0,11417.89,41415.106015,-2,market
2020-10-18,11360.31,11505.0,11346.22,11503.14,23284.041191,2,market
2020-10-26,13029.64,13238.81,12765.0,13052.19,60951.672986,-2,market
2020-10-27 16:54:00,13377.03,13432.11,13354.61,13430.0,575.121544,1,tpsl
2020-10-29,13266.4,13642.91,12920.77,13455.7,74872.602132,-1,market
2020-10-30,13455.69,13669.98,13115.0,13560.1,70657.778881,2,market
2020-11-02,13761.49,13830.0,13195.05,13549.37,64566.421908,-2,market
2020-11-03,13549.63,14066.11,13284.99,14023.53,74115.630787,2,market
2020-11-04 13:15:00,13732.8,13732.8,13601.0,13656.32,1437.767401,-1,tpsl
2020-11-07,15579.93,15753.52,14344.22,14818.3,101431.206553,-1,market
2020-11-08 17:30:00,15171.11,15232.0,15171.11,15213.61,411.317273,1,tpsl
2020-11-09,15475.1,15840.0,14805.54,15328.41,108976.334134,1,market
2020-11-10,15328.41,15460.0,15072.46,15297.21,61681.919606,-2,market
2020-11-11 18:42:00,15656.68,15700.0,15650.0,15698.01,559.259095,1,tpsl
2020-11-15,16069.56,16180.0,15774.72,15957.0,43596.841513,-1,market
2020-11-16 16:24:00,16315.0,16373.51,16315.0,16373.13,305.168398,1,tpsl
2020-11-23,18413.88,18766.0,18000.0,18368.0,82961.506093,-1,market
2020-11-24 14:57:00,18812.1,18898.0,18812.1,18888.46,964.800426,1,tpsl
2020-11-26,18718.83,18915.03,16188.0,17149.47,181005.246693,-1,market
2020-11-28 21:30:00,17517.04,17590.0,17516.52,17590.0,672.7923,1,tpsl
2020-11-29,17719.84,18360.05,17517.0,18184.99,55329.016303,1,market
2020-12-02,18764.96,19342.0,18330.0,19204.09,75911.013478,-2,market
2020-12-03,19204.08,19598.0,18867.2,19421.9,66689.391279,2,market
2020-12-04 15:45:00,19104.54,19105.83,18900.0,18900.01,2025.853128,-1,tpsl
2020-12-06,19147.66,19420.0,18857.0,19359.4,37043.091861,1,market
2020-12-08 15:09:00,18951.82,18953.17,18727.17,18807.22,1387.149255,-1,tpsl
2020-12-12,18036.53,18948.66,18020.7,18808.69,49519.978432,1,market
2020-12-21,23455.54,24102.77,21815.0,22719.71,88030.297243,-2,market
2020-12-22 19:18:00,23230.51,23462.0,23230.5,23415.5,993.70956,1,tpsl
2020-12-23,23810.79,24100.0,22600.0,23232.76,119047.259733,1,market
2021-01-02 17:51:00,30097.22,30300.26,30055.0,30218.21,1508.440613,-1,tpsl
2021-01-10,40088.22,41350.0,35111.11,38150.02,118209.544503,-1,market
2021-01-14 19:39:00,38999.99,39260.0,38995.73,39176.39,752.922809,1,tpsl
2021-01-16,36737.43,37950.0,35357.8,35994.98,86348.431508,-1,market
2021-01-17 00:00:00,37080.29,37148.12,36969.37,36973.33,86.536333,1,tpsl
2021-01-19,36622.46,37850.0,35844.06,35891.49,79611.307769,1,market
2021-01-20 09:42:00,35166.62,35174.21,34979.32,34991.36,232.229001,-1,tpsl
2021-01-23,32950.0,33456.0,31390.16,32078.0,64595.287675,1,market
2021-01-24,32078.0,33071.0,30900.0,32259.9,57978.037966,-2,market
2021-01-25 09:09:00,32942.69,33248.0,32941.56,33229.98,887.075287,1,tpsl
2021-01-27,32464.01,32557.29,29241.72,30366.15,95911.961711,-1,market
2021-01-28 01:45:00,30873.98,31178.61,30853.34,31166.0,515.360531,1,tpsl
2021-01-31,34262.89,34342.69,32171.67,33092.98,68742.280384,-1,market
2021-02-01 12:09:00,33822.38,34427.0,33798.22,34416.68,1230.843379,1,tpsl
2021-02-02,33517.09,35984.33,33418.0,35466.24,78056.65988,1,market
2021-02-09 04:54:00,45756.64,46794.45,45722.94,46331.32,1551.874268,-1,tpsl
2021-02-13,47298.15,48150.0,46202.53,47153.69,63768.097399,-1,market
2021-02-14 11:15:00,48011.86,48333.0,48006.7,48332.99,573.335015,1,tpsl
2021-02-22,57412.35,57508.47,47622.0,54087.67,134019.434944,-1,market
2021-03-01,45134.11,49790.0,44950.53,49587.03,85086.111648,2,market
2021-03-02 00:48:00,48448.5,48466.77,48328.28,48346.56,113.963882,-1,tpsl
2021-03-05,48374.09,49448.93,46300.0,48751.71,78192.496372,-1,market
2021-03-07 13:27:00,49893.6,50179.17,49833.83,50052.68,627.837839,1,tpsl
2021-03-15,58976.08,60633.43,54600.0,55605.2,102771.427298,-1,market
2021-03-17 05:30:00,56900.74,57189.43,56900.0,57094.46,523.031212,1,tpsl
2021-03-21,58100.02,58589.1,55450.11,57351.56,48564.470274,-1,market
2021-03-26,51293.78,55073.46,51214.6,55025.59,63813.774692,2,market
2021-03-27 00:03:00,53705.46,53752.52,53623.14,53630.01,89.258185,-1,tpsl
2021-04-02,58720.45,60200.0,58428.57,58950.01,47382.418781,-1,market
2021-04-05,58202.01,59272.0,56777.77,59129.99,54258.01579,2,market
2021-04-06 19:51:00,57862.39,57869.04,57444.0,57452.95,583.335632,-1,tpsl
2021-04-07,57990.03,58655.0,55473.0,55953.45,71228.405659,-1,market
2021-04-08 18:18:00,57296.29,57533.51,57290.74,57456.03,419.243362,1,tpsl
2021-04-09,58077.52,58894.9,57654.0,58142.54,40831.884911,1,market
2021-04-16,63158.74,63520.61,60000.0,61334.8,91764.139884,-2,market
2021-04-26,49066.76,54356.62,48753.44,54001.39,86310.802124,2,market
2021-04-29 23:30:00,52742.98,52752.35,52502.0,52596.74,396.229415,-1,tpsl
2021-04-30,53555.0,57963.0,53013.01,57694.27,68578.910045,1,market
2021-05-02 14:51:00,56410.7,56410.71,56035.25,56183.5,668.493286,-1,tpsl
2021-05-03,56578.21,58981.44,56435.0,57169.39,57649.931286,-1,market
2021-05-06,57436.11,58360.0,55200.0,56393.68,70181.671908,2,market
2021-05-10,58240.83,59500.0,53400.0,55816.14,89586.34925,-2,market
2021-05-12 06:24:00,57201.57,57312.41,57190.0,57251.78,153.179121,1,tpsl
2021-05-21,40525.39,42200.0,33488.0,37252.01,202100.888258,1,market
2021-05-22 00:51:00,36386.13,36549.89,36183.56,36220.94,682.405173,-1,tpsl
2021-05-24,34681.44,39920.0,34031.0,38796.29,161630.893971,1,market
2021-05-25 00:12:00,37902.18,37945.28,37800.0,37809.12,167.616734,-1,tpsl
2021-05-27,39241.92,40411.14,37134.27,38529.98,86547.158794,-1,market
2021-05-31,35641.26,37499.0,34153.84,37253.81,94160.735289,2,market
2021-06-01 13:39:00,36662.07,36663.3,36201.58,36209.41,768.944821,-1,tpsl
2021-06-05,36829.15,37925.0,34800.0,35513.2,70459.62149,-1,market
2021-06-07 07:15:00,36358.25,36900.0,36358.25,36709.64,1013.430218,1,tpsl
2021-06-09,33380.8,37534.79,32396.82,37388.05,136607.597517,1,market
2021-06-10 00:00:00,36295.77,36326.59,36173.61,36201.73,261.432276,-1,tpsl
2021-06-16,40143.8,40527.14,38116.01,38349.01,87771.976937,-1,market
2021-06-17 12:36:00,39145.22,39398.48,39119.99,39340.8,537.207925,1,tpsl
2021-06-23,32509.56,34881.0,31683.0,33678.07,126966.100563,1,market
2021-06-24 01:33:00,33004.05,33011.36,32749.01,32789.73,629.391797,-1,tpsl
2021-06-25,34663.08,35500.0,31275.0,31584.45,116061.130356,-1,market
2021-06-26 00:48:00,32343.01,32470.6,32300.0,32411.44,455.052983,1,tpsl
2021-06-27,32283.65,34749.0,31973.45,34700.34,96613.244211,1,market
2021-06-28 00:00:00,32750.78,32783.46,32656.3,32746.51,152.66342,-1,tpsl
2021-07-01,35045.0,35057.57,32711.0,33504.69,71708.266112,-1,market
2021-07-03 13:12:00,34309.89,34498.0,34286.29,34365.24,595.522271,1,tpsl
2021-07-04,34669.12,35967.85,34357.15,35286.51,43703.475789,1,market
2021-07-05 07:51:00,34428.57,34445.66,34350.0,34376.11,314.945293,-1,tpsl
2021-07-06,33690.15,35118.88,33532.0,34220.01,58210.596349,-1,market
2021-07-07,34220.02,35059.09,33777.77,33862.12,53807.521675,2,market
2021-07-08 11:27:00,33174.86,33174.93,32850.0,32884.56,1045.470192,-1,tpsl
2021-07-10,33815.81,34262.0,33004.78,33502.87,34761.175468,1,market
2021-07-13 18:06:00,32691.12,32695.34,32445.0,32547.51,1245.091234,-1,tpsl
2021-07-21,29790.34,32858.0,29482.61,32144.51,82796.265128,1,market
2021-07-31 05:12:00,41605.22,41888.0,41600.0,41867.63,415.746696,-1,tpsl
2021-08-01,41461.84,42599.0,39422.01,39845.44,53953.186326,-1,market
2021-08-02 00:00:00,41100.0,41159.52,41072.56,41152.33,51.279311,1,tpsl
2021-08-05,39723.17,41350.0,37332.7,40862.46,84343.755621,1,market
2021-08-11,45585.0,46743.47,45341.14,45511.0,52734.901977,-2,market
2021-08-13 18:51:00,46609.98,46666.0,46602.63,46658.9,141.984168,1,tpsl
2021-08-16,46973.82,48053.83,45660.0,45901.29,52480.574014,-1,market
2021-08-17 17:33:00,47019.23,47078.17,46863.0,47065.52,170.509906,1,tpsl
2021-08-19,44699.37,47033.0,43927.7,46760.62,53411.75392,1,market
2021-08-24,49488.85,49860.0,47600.0,47674.01,51014.594748,-2,market
2021-08-25 23:06:00,48865.54,48994.59,48865.53,48967.93,128.83471,1,tpsl
2021-08-28,49069.9,49299.0,48346.88,48895.35,26681.063786,1,market
2021-08-30 17:45:00,47692.77,47739.6,47585.17,47640.01,166.15047,-1,tpsl
2021-09-01,47100.89,49156.0,46512.0,48810.52,49904.65528,1,market
2021-09-07 20:27:00,49020.47,49057.43,47300.0,47374.1,1846.012696,-1,tpsl
2021-09-12,45173.68,46460.0,44742.06,46025.24,32094.28052,1,market
2021-09-13 08:30:00,44960.37,44960.41,44815.0,44850.45,98.54469,-1,tpsl
2021-09-17,47737.81,48150.0,46699.56,47299.98,34461.92776,-1,market
2021-09-18 11:15:00,48397.4,48843.2,48397.4,48646.63,1706.32276,1,tpsl
2021-09-19,48292.75,48372.83,46829.18,47241.75,29847.24349,-1,market
2021-09-23,43546.37,44978.0,43069.09,44865.26,48699.57655,2,market
2021-09-24 14:39:00,43965.44,43965.44,43308.45,43576.2,1190.51508,-1,tpsl
2021-09-25,42810.58,42966.84,41646.28,42670.64,33594.57189,-1,market
2021-09-27 03:36:00,43660.05,43950.0,43660.05,43859.49,340.16753,1,tpsl
2021-09-30,41524.29,44141.37,41410.17,43824.1,46381.22781,1,market
2021-10-08,53785.22,56100.0,53617.61,53951.43,46160.25785,-2,market
2021-10-09 19:03:00,55030.64,55449.0,55028.18,55321.96,455.00732,1,tpsl
2021-10-13,55996.91,57777.0,54167.19,57367.0,55808.44492,-1,market
2021-10-14,57370.83,58532.54,56818.05,57347.94,43053.336781,2,market
2021-10-22,62193.15,63732.39,60000.0,60688.22,52119.35886,-2,market
2021-10-25 12:45:00,62121.2,62331.0,62102.29,62331.0,165.82046,1,tpsl
2021-10-27,60328.81,61496.0,58000.0,58413.44,62124.49016,-1,market
2021-10-28 14:09:00,59800.0,59999.0,59799.97,59939.69,182.36776,1,tpsl
2021-10-29,60575.9,62980.0,60174.81,62253.71,43973.90414,1,market
2021-10-31 14:30:00,60792.61,60792.61,60622.28,60622.94,95.40286,-1,tpsl
2021-11-01,61299.81,62437.74,59405.0,60911.11,44687.66672,-1,market
2021-11-02 15:09:00,62192.41,62658.0,62192.4,62638.77,1077.57673,1,tpsl
2021-11-04,62896.49,63086.31,60677.01,61395.01,35930.93314,-1,market
2021-11-07,61470.62,63286.35,61322.78,63273.59,25515.6883,2,market
2021-11-10,66947.67,69000.0,62822.9,64882.43,65171.504046,-2,market
2021-11-11 00:00:00,68225.04,68238.79,68119.45,68146.6,51.80589,1,tpsl
2021-11-14,64380.01,65550.51,63576.27,65519.1,25705.07347,1,market
2021-11-15 00:15:00,63966.44,63993.2,63871.9,63876.45,42.48334,-1,tpsl
2021-11-16,63606.73,63617.31,58574.07,60058.87,77455.15609,-1,market
2021-11-20,58057.1,59845.0,57353.0,59707.51,33811.5901,2,market
2021-11-22 05:42:00,58231.72,58306.09,58052.57,58055.28,159.53807,-1,tpsl
2021-11-25,57138.29,59398.9,57000.0,58960.36,42153.51522,1,market
2021-11-26 13:00:00,57487.84,57531.55,57337.09,57432.02,132.54337,-1,tpsl
2021-11-28,54716.47,57445.05,53256.64,57274.88,36163.7137,1,market
2021-11-29 00:00:00,53685.81,53746.92,53615.23,53746.91,175.98032,-1,tpsl
2021-12-02,57184.07,57375.47,55777.77,56480.34,37574.05976,-1,market
2021-12-07,50441.91,51936.33,50039.74,50588.95,38253.46877,2,market
2021-12-08 16:27:00,49328.37,49367.39,49162.87,49223.47,258.29726,-1,tpsl
2021-12-09,50471.19,50797.76,47320.0,47545.59,37692.68665,-1,market
2021-12-10 17:30:00,48711.0,48987.98,48655.33,48886.32,343.68874,1,tpsl
2021-12-12,49389.99,50777.0,48638.0,50053.9,26017.93421,1,market
2021-12-13 07:27:00,48828.86,48831.46,48557.73,48597.51,144.7478,-1,tpsl
2021-12-15,48336.95,49500.0,46547.0,48864.98,51629.181,1,market
2021-12-16 00:00:00,47288.99,47380.0,47260.77,47380.0,100.62238,-1,tpsl
2021-12-20,46681.24,47537.57,45558.85,46914.16,35848.50609,1,market
2021-12-26,50399.67,51280.0,49412.0,50775.49,22569.88914,-2,market
2021-12-27,50775.48,52088.0,50449.0,50701.44,28779.58212,2,market
2021-12-28 09:48:00,49509.91,49513.43,48657.12,48939.64,1940.53542,-1,tpsl
2022-01-01,46216.93,47954.63,46208.37,47722.65,19604.46325,1,market
2022-01-03 21:45:00,46625.77,46640.05,46449.46,46494.68,422.24284,-1,tpsl
2022-01-09,41679.74,42786.7,41200.02,41864.62,22724.39426,1,market
2022-01-10 19:15:00,40836.22,40861.09,40783.2,40815.94,103.78893,-1,tpsl
2022-01-14,42558.35,43448.78,41725.95,43059.96,32640.88292,-1,market
2022-01-24,36244.55,37550.0,32917.17,36660.35,91904.753211,2,market
2022-01-25 01:06:00,35762.52,35834.36,35652.04,35675.95,152.61963,-1,tpsl
2022-02-02,38694.59,38855.92,36586.95,36896.36,35794.6813,-1,market
2022-02-04 11:36:00,37661.22,37886.96,37660.18,37823.91,446.03946,1,tpsl
2022-02-10,44372.71,45821.0,43174.01,43495.44,62357.29091,-1,market
2022-02-11 00:00:00,44950.96,45041.78,44885.54,44905.69,117.40648,1,tpsl
2022-02-14,42053.65,42842.4,41550.56,42535.94,34010.1306,1,market
2022-02-17 23:42:00,41701.88,41762.49,41200.0,41403.24,998.19913,-1,tpsl
2022-02-23,38230.33,39249.93,37036.79,37250.01,43560.732,1,market
2022-02-24 08:24:00,36741.67,36797.66,36236.84,36248.81,1078.93964,-1,tpsl
2022-02-27,39116.73,39855.7,37000.0,37699.07,46229.44719,-1,market
2022-02-28 00:00:00,39060.9,39079.68,39016.67,39022.04,36.69847,1,tpsl
2022-03-03,43892.99,44101.12,41832.28,42454.0,50940.61021,-1,market
2022-03-08,37988.01,39362.08,37867.65,38730.63,55583.06638,2,market
2022-03-11,39422.01,40236.26,38223.6,38729.57,59018.7642,-2,market
2022-03-15 04:18:00,39110.01,39947.12,39090.26,39795.05,2034.5946,1,tpsl
2022-03-21,41262.11,41544.22,40467.94,41002.25,39426.24877,-1,market
2022-03-22 08:36:00,42017.0,42150.0,42016.99,42108.71,354.59364,1,tpsl
2022-03-31,47067.99,47600.0,45200.0,45510.34,48645.12667,-1,market
2022-04-01 20:39:00,46367.73,46698.7,46365.28,46653.16,768.31494,1,tpsl
2022-04-02,46283.49,47213.0,45620.0,45811.0,37073.53582,1,market
2022-04-03,45810.99,47444.11,45530.92,46407.35,33394.67794,-2,market
2022-04-04,46407.36,46890.71,45118.0,46580.51,44641.87514,2,market
2022-04-05 00:00:00,45255.29,45280.66,45218.37,45276.01,49.6654,-1,tpsl
2022-04-10,42753.96,43410.3,41868.0,42158.85,22771.09403,1,market
2022-04-11 17:03:00,41140.8,41154.35,41000.0,41022.32,598.06876,-1,tpsl
2022-04-13,40074.95,41561.31,39588.54,41147.79,41342.27254,1,market
2022-04-14 21:06:00,40340.67,40344.24,40044.0,40063.87,773.35731,-1,tpsl
2022-04-15,39942.37,40870.36,39766.4,40551.9,24026.35739,1,market
2022-04-17,40378.7,40595.67,39546.17,39678.12,19988.49259,-2,market
2022-04-18 23:45:00,40396.85,41116.73,40396.84,40835.86,2249.15848,1,tpsl
2022-04-19,40801.13,41760.0,40571.0,41493.18,35788.85843,1,market
2022-04-21,41358.19,42976.0,39751.0,40480.01,59316.27657,-2,market
2022-04-22 00:00:00,41574.15,41597.44,41500.0,41584.7,113.90538,1,tpsl
2022-04-25,39450.12,40616.0,38200.0,40426.08,63037.12784,1,market
2022-04-26 20:21:00,39452.14,39452.15,39380.31,39380.85,207.99084,-1,tpsl
2022-04-28,39235.72,40372.63,38881.43,39742.07,56086.6715,1,market
2022-04-29 17:03:00,38750.88,38764.95,38712.62,38720.52,130.99459,-1,tpsl
2022-05-02,38468.35,39167.34,38052.0,38525.16,53200.92628,1,market
2022-05-03,38525.16,38651.51,37517.8,37728.95,40316.45358,-2,market
2022-05-04 13:27:00,38654.85,38718.75,38650.0,38701.32,182.34847,1,tpsl
2022-05-06,36552.97,36675.63,35258.0,36013.77,68437.80187,-1,market
2022-05-14,29287.05,30343.27,28630.0,30086.74,51095.87863,2,market
2022-05-15 01:15:00,29352.29,29352.36,29306.01,29307.43,53.31598,-1,tpsl
2022-05-17,29874.01,30788.37,29450.38,30444.93,56724.13307,-1,market
2022-05-20,30319.22,30777.33,28730.0,29201.01,60517.25325,2,market
2022-05-21,29201.01,29656.18,28947.28,29445.06,20987.13124,-2,market
2022-05-22 15:30:00,30140.79,30275.48,30135.44,30211.69,558.79718,1,tpsl
2022-05-24,29109.14,29845.86,28669.0,29654.58,59442.96036,-1,market
2022-05-25,29654.58,30223.74,29294.21,29542.15,59537.38659,2,market
2022-05-26 18:39:00,28832.04,28845.08,28731.0,28740.55,2701.13163,-1,tpsl
2022-05-29,29031.33,29587.78,28839.21,29468.1,27567.34764,1,market
2022-06-01,31801.05,31982.97,29301.0,29805.83,103395.63382,-2,market
2022-06-03 03:36:00,30354.79,30689.0,30354.78,30607.04,1126.2962,1,tpsl
2022-06-05,29864.03,30189.0,29531.42,29919.21,23139.9281,1,market
2022-06-08,31125.32,31327.22,29843.88,30204.77,68542.61276,-2,market
2022-06-14 07:06:00,21199.58,21232.06,21090.48,21126.28,1155.50749,1,tpsl
2022-06-20,20574.0,21090.0,19637.03,20573.89,109028.94154,1,market
2022-06-21 00:00:00,20025.53,20055.7,19955.16,19988.89,236.06416,-1,tpsl
2022-06-22,20723.51,20900.0,19770.51,19987.99,92133.97938,-1,market
2022-06-23 06:57:00,20439.73,20566.0,20431.53,20520.18,690.80863,1,tpsl
2022-06-26,21491.18,21888.0,20964.73,21038.07,53278.10464,-1,market
2022-07-04,19315.83,20354.01,19055.31,20236.71,74814.04601,2,market
2022-07-05 15:15:00,19740.27,19741.88,19663.0,19698.5,451.14273,-1,tpsl
2022-07-09,21594.75,21980.0,21322.12,21591.83,178417.84468,-1,market
2022-07-14,20234.87,20900.0,19616.07,20588.84,174809.21696,2,market
2022-07-22,23152.19,23756.49,22500.0,22684.83,171598.43966,-2,market
2022-07-27,21254.67,23112.63,21042.53,22952.45,210971.19796,2,market
2022-07-28 00:00:00,22091.13,22177.0,21970.46,21977.33,1204.39033,-1,tpsl
2022-07-31,23644.64,24194.82,23227.31,23293.32,127743.32483,-1,market
2022-08-01 00:33:00,23799.04,23982.89,23791.93,23885.69,946.26304,1,tpsl
2022-08-05,22622.41,23472.86,22586.95,23312.42,175251.69749,1,market
2022-08-10,23151.32,24226.0,22664.69,23954.05,208916.54953,-2,market
2022-08-11 10:39:00,24552.06,24610.36,24550.3,24603.52,994.76338,1,tpsl
2022-08-15,24305.25,25211.32,23773.22,24094.82,242539.54758,-1,market
2022-08-22,21516.7,21548.71,20890.18,21399.83,222222.04526,2,market
2022-08-25,21368.05,21819.88,21310.15,21559.04,169915.78301,-2,market
2022-08-30,20287.2,20576.25,19540.0,19811.66,256634.35529,2,market
2022-09-03,19950.98,20055.93,19652.72,19831.9,146639.03204,-2,market
2022-09-04,19832.45,20029.23,19583.1,20000.3,145588.77893,2,market
2022-09-05,20000.3,20057.27,19633.83,19796.84,222543.01057,-2,market
2022-09-08,19292.85,19458.25,19012.0,19319.77,262813.28273,2,market
2022-09-13,22395.44,22799.0,19860.0,20173.57,431915.03333,-2,market
2022-09-14 00:00:00,20711.71,20716.44,20610.0,20681.89,1350.25136,1,tpsl
2022-09-17,19803.3,20189.0,19748.08,20113.62,179350.24338,1,market
2022-09-18 23:45:00,19636.0,19670.0,19580.0,19596.92,1214.18385,-1,tpsl
2022-09-19,19417.45,19686.2,18232.56,19537.02,380512.40306,-1,market
2022-09-22,18461.36,19550.17,18356.39,19401.63,379321.72111,2,market
2022-09-23 16:48:00,18925.87,18931.31,18888.0,18908.65,1011.47293,-1,tpsl
2022-09-25,18921.99,19180.21,18629.2,18807.38,191191.4492,-1,market
2022-09-26 14:30:00,19273.55,19318.96,19271.22,19291.1,1606.11948,1,tpsl
2022-10-01,19422.61,19484.0,19159.42,19310.95,165625.13959,-1,market
2022-10-03,19057.74,19719.1,18959.68,19629.08,293585.75212,2,market
2022-10-06,20158.26,20456.6,19853.0,19960.67,320122.1702,-2,market
2022-10-13,19155.1,19513.79,18190.0,19375.13,399756.68337,2,market
2022-10-15,19176.93,19227.68,18975.18,19069.39,113847.64232,-2,market
2022-10-17 18:33:00,19544.43,19565.64,19536.12,19557.52,633.72658,1,tpsl
2022-10-19,19327.44,19360.16,19065.97,19123.97,186137.29538,-1,market
2022-10-22,19164.37,19257.0,19112.72,19204.35,110403.90837,2,market
2022-10-28,20295.11,20750.0,20000.09,20591.84,287039.94569,-2,market
2022-10-29,20591.84,21085.0,20554.01,20809.67,254881.77755,2,market
2022-10-30,20809.68,20931.21,20515.0,20627.48,192795.60886,-2,market
2022-11-04 19:51:00,20953.46,21245.0,20952.46,21217.47,3017.8476,1,tpsl
2022-11-07,20905.58,21069.77,20384.89,20591.13,386977.60337,-1,market
2022-11-11,17602.45,17695.0,16361.6,17070.31,393552.86492,2,market
2022-11-12 02:09:00,16661.52,16661.52,16555.77,16637.62,1534.8785,-1,tpsl
2022-11-15,16617.72,17134.69,16527.72,16900.57,282461.84391,1,market
2022-11-16 19:36:00,16484.82,16500.0,16398.4,16460.22,1953.16206,-1,tpsl
2022-11-17,16661.61,16751.0,16410.74,16692.56,228038.97873,-1,market
2022-11-18,16692.56,17011.0,16546.04,16700.45,214224.18184,2,market
2022-11-19,16699.43,16822.41,16553.53,16700.68,104963.15558,-2,market
2022-11-23,16227.96,16706.0,16160.2,16603.11,264927.70408,2,market
2022-11-26,16521.35,16701.99,16385.0,16458.57,181804.81666,-2,market
2022-11-30 06:30:00,16846.85,16945.38,16845.61,16904.25,2332.66942,1,tpsl
2022-12-04,16885.2,17202.84,16878.25,17105.7,178619.13387,-1,market
2022-12-06,16966.35,17107.01,16906.37,17088.96,218730.76883,2,market
2022-12-07,17088.96,17142.21,16678.83,16836.64,220657.41334,-2,market
2022-12-08,16836.64,17299.0,16733.49,17224.1,236417.97804,2,market
2022-12-11,17127.49,17270.99,17071.0,17085.05,155286.47871,-2,market
2022-12-12,17085.05,17241.89,16871.85,17209.83,226227.49694,2,market
2022-12-15,17804.01,17854.82,17275.51,17356.34,223701.96882,-2,market
2022-12-20,16438.88,17061.27,16397.2,16895.56,248808.92324,2,market
2022-12-22,16824.68,16868.52,16559.85,16821.43,176044.27235,-2,market
2022-12-23,16821.9,16955.14,16731.13,16778.5,161612.00947,2,market
2022-12-24,16778.52,16869.99,16776.62,16836.12,100224.29096,-2,market
2022-12-25,16835.73,16857.96,16721.0,16832.11,125441.07202,2,market
2022-12-27,16919.39,16972.83,16592.37,16706.36,173749.58616,-2,market
2022-12-30,16633.47,16677.35,16333.0,16607.48,164916.31174,2,market
2022-12-31,16607.48,16644.09,16470.0,16542.4,114490.42864,-2,market
2023-01-01,16541.77,16628.0,16499.01,16616.75,96925.41374,2,market
2023-01-18,21132.29,21650.0,20407.15,20677.47,350916.01949,-2,market
2023-01-20 20:51:00,21182.0,21247.55,21181.6,21195.93,2127.78239,1,tpsl
2023-01-24,22917.81,23162.2,22462.93,22632.89,293158.78254,-1,market
2023-01-26 03:06:00,23156.37,23318.0,23141.92,23231.44,3199.14362,1,tpsl
2023-01-31,22827.38,23320.0,22714.77,23125.13,264649.34909,-1,market
2023-02-01,23125.13,23812.66,22760.23,23732.66,310790.42271,2,market
2023-02-02 00:00:00,23104.99,23124.36,23063.05,23071.16,1045.013,-1,tpsl
2023-02-03,23489.33,23715.7,23204.62,23431.9,332571.02904,-1,market
2023-02-04,23431.9,23587.78,23253.96,23326.84,166126.47295,2,market
2023-02-05,23327.66,23433.33,22743.0,22932.91,209251.33917,-2,market
2023-02-08,23242.42,23452.0,22665.85,22963.0,280056.30717,2,market
2023-02-09,22961.85,23011.39,21688.0,21796.35,402894.6955,-2,market
2023-02-10 00:00:00,22538.5,22584.61,22527.0,22574.02,970.7172,1,tpsl
2023-02-13,21782.37,21894.99,21351.07,21773.97,295730.76791,1,market
2023-02-19,24632.05,25192.0,24192.57,24271.76,300395.99542,-2,market
2023-02-20 15:21:00,24826.43,24908.0,24823.76,24893.59,1752.52774,1,tpsl
2023-02-21,24843.89,25250.0,24148.34,24452.16,376000.82868,1,market
2023-02-22 20:42:00,23858.04,23879.96,23738.0,23818.2,3968.34264,-1,tpsl
2023-02-26,23157.07,23689.99,23059.18,23554.85,202323.73623,1,market
2023-03-01,23141.57,24000.0,23020.03,23628.97,315287.41737,-2,market
2023-03-02,23629.76,23796.93,23195.9,23465.32,239315.45219,2,market
2023-03-03 06:57:00,22965.36,22983.27,22830.0,22852.03,3687.06405,-1,tpsl
2023-03-12,20455.73,22150.0,20270.6,21997.11,430944.94288,1,market
2023-03-13 00:00:00,20887.97,20902.92,20851.03,20889.31,1618.35666,-1,tpsl
2023-03-22,28107.81,28868.05,26601.8,27250.97,224113.41296,-1,market
2023-03-23 00:00:00,28470.0,28587.0,28390.0,28465.99,1199.21086,1,tpsl
2023-03-24,28295.42,28374.3,27000.0,27454.47,86242.06544,1,market
2023-03-25,27454.46,27787.33,27156.09,27462.95,50844.08102,-2,market
2023-03-26 19:27:00,28113.97,28194.4,28113.97,28149.99,558.50742,1,tpsl
2023-03-28,27124.9,27520.0,26631.78,27261.07,78602.44341,-1,market
2023-03-29 11:57:00,27639.0,28015.7,27639.0,27991.69,2857.35425,1,tpsl
2023-04-02,28452.74,28530.0,27856.43,28171.87,37365.65692,-1,market
2023-04-05,28165.47,28775.0,27805.1,28170.01,60737.64732,2,market
2023-04-06,28170.01,28182.05,27711.0,28033.82,40118.94963,-2,market
2023-04-09,27938.38,28530.0,27800.0,28323.76,32531.16101,2,market
2023-04-15,30466.93,30595.6,30202.0,30295.09,25429.81247,-2,market
2023-04-23,27816.85,27816.85,27311.25,27590.6,34812.09581,2,market
2023-04-29,29311.69,29448.88,29031.0,29230.45,20466.83058,-2,market
2023-05-03,28669.85,29266.66,28113.69,29026.16,64615.79213,2,market
2023-05-04 00:39:00,28368.43,28368.43,28263.3,28282.17,393.96421,-1,tpsl
2023-05-07,28848.19,29138.29,28395.23,28430.1,30003.41028,-1,market
2023-05-15,26917.61,27663.59,26726.0,27162.14,40430.08333,2,market
2023-05-18 23:24:00,26651.39,26667.34,26423.55,26472.36,1611.25896,-1,tpsl
2023-05-19,26821.28,27183.6,26630.0,26880.26,28754.13544,-1,market
2023-05-20,26880.26,27150.0,26825.11,27102.43,14434.54718,2,market
2023-05-21,27102.42,27277.55,26666.03,26747.78,21347.87279,-2,market
2023-05-23 09:48:00,27393.13,27427.92,27379.0,27417.67,159.68721,1,tpsl
2023-05-24,27219.61,27219.61,26080.5,26329.01,54393.0657,-1,market
2023-05-26,26473.8,26932.16,26327.24,26705.92,35061.18713,2,market
2023-05-30,27736.39,28038.59,27554.0,27694.4,32686.75371,-2,market
2023-06-03,27242.59,27333.29,26914.93,27069.22,16595.34117,2,market
2023-06-04,27069.22,27455.02,26951.0,27115.21,19258.41049,-2,market
2023-06-07,27230.07,27391.77,26125.01,26339.34,59619.44364,2,market
2023-06-08,26339.34,26810.0,26210.0,26498.61,31075.51083,-2,market
2023-06-09,26498.62,26783.33,26269.91,26477.81,27934.7097,2,market
2023-06-10 10:27:00,25818.82,25828.91,25756.21,25765.28,348.21363,-1,tpsl
2023-06-12,25925.54,26106.48,25602.11,25905.19,29900.50893,1,market
2023-06-13,25905.2,26433.21,25712.57,25934.25,41065.60853,-2,market
2023-06-16,25598.49,26518.0,25175.56,26345.0,51596.91662,2,market
2023-06-25,30527.44,31046.01,30277.49,30462.66,30223.44801,-2,market
2023-06-27,30267.99,30994.97,30226.17,30692.44,42699.64157,2,market
2023-06-28,30692.44,30709.74,29858.8,30077.41,40463.51937,-2,market
2023-06-30 09:00:00,30764.4,30883.68,30758.85,30864.0,765.51598,1,tpsl
2023-07-05,30766.52,30878.07,30200.0,30504.81,33215.67122,-1,market
2023-07-06 14:21:00,31235.5,31300.0,31223.56,31268.1,603.22499,1,tpsl
2023-07-08,30344.7,30386.81,30044.47,30284.63,13094.59042,1,market
2023-07-09,30284.63,30445.52,30061.12,30160.71,15388.50196,-2,market
2023-07-10,30160.71,31045.78,29950.0,30411.57,41262.87652,2,market
2023-07-15,30312.0,30390.9,30200.0,30289.52,14118.55329,-2,market
2023-07-21,29800.0,30061.7,29726.34,29901.72,23881.40865,2,market
2023-07-22,29901.72,29999.0,29625.1,29794.0,14660.40467,-2,market
2023-07-23,29793.99,30350.0,29730.0,30083.75,18292.78637,2,market
2023-07-24 15:18:00,29690.16,29694.92,29070.87,29074.47,2246.24978,-1,tpsl
2023-07-28,29222.78,29542.22,29123.12,29314.14,23993.61627,1,market
2023-07-31,29281.09,29530.0,29101.8,29232.25,22605.48964,-2,market
2023-08-01,29232.26,29739.25,28585.7,29705.99,44719.65162,2,market
2023-08-03,29186.0,29433.33,28968.0,29193.64,26476.91994,-2,market
2023-08-07,29088.43,29276.78,28701.03,29211.06,30966.87746,2,market
2023-08-10,29581.99,29738.0,29320.2,29455.75,23463.45373,-2,market
2023-08-14,29303.85,29695.32,29102.45,29430.93,31443.11532,2,market
2023-08-15,29430.92,29499.26,29059.6,29200.0,27503.87691,-2,market
2023-08-21,26190.0,26258.42,25812.0,26126.92,30267.24233,2,market
2023-08-25,26180.05,26314.05,25777.15,26060.01,27753.33772,-2,market
2023-08-28,26101.78,26253.99,25864.5,26120.0,22692.62655,2,market
2023-08-31,27299.99,27587.51,25655.01,25940.78,51032.80401,-2,market
2023-09-04,25971.21,26108.02,25631.21,25826.02,21777.59609,2,market
2023-09-05,25826.03,25915.49,25562.62,25792.1,21323.39337,-2,market
2023-09-06,25792.11,26040.0,25372.51,25759.95,27262.52386,2,market
2023-09-09,25910.5,25945.09,25796.64,25901.61,10980.62277,-2,market
2023-09-13,25840.1,26405.22,25764.17,26222.0,31610.82753,2,market
2023-09-17,26559.67,26623.25,26399.0,26527.51,12998.10277,-2,market
2023-09-18 16:48:00,27180.83,27203.72,27163.18,27203.71,114.05917,1,tpsl
2023-09-21,27125.01,27159.6,26377.7,26568.08,34476.82662,-1,market
2023-09-26,26304.8,26397.46,26088.34,26221.67,18495.35066,2,market
2023-10-03,27494.51,27676.52,27160.5,27426.46,28928.96555,-2,market
2023-10-04,27426.45,27839.72,27202.0,27778.57,29816.142,2,market
2023-10-05,27778.57,28120.39,27352.0,27410.39,30681.49619,-2,market
2023-10-07 03:06:00,27997.31,28295.0,27997.31,28220.45,712.22923,1,tpsl
2023-10-09,27917.06,27987.93,27260.0,27590.12,31534.74639,-1,market
2023-10-14,26862.0,26989.58,26789.0,26852.48,10417.25576,2,market
2023-10-24 07:54:00,34856.1,35280.0,34830.0,35199.99,1919.84658,-1,tpsl
2023-10-27,34151.66,34245.0,33390.95,33892.02,32330.40106,-1,market
2023-10-29,34081.01,34750.11,33930.0,34525.89,20685.52176,2,market
2023-11-03,34941.58,34946.5,34120.0,34716.78,39071.20644,-2,market
2023-11-05,35062.06,35380.0,34448.0,35011.88,24528.73376,2,market
2023-11-06,35011.89,35276.33,34725.9,35046.09,22346.47086,-2,market
2023-11-07,35046.09,35888.0,34523.06,35399.12,38688.73692,2,market
2023-11-12,37129.99,37222.22,36731.1,37064.13,17687.18874,-2,market
2023-11-15,35551.2,37980.0,35360.0,37858.2,53569.13385,2,market
2023-11-16 18:45:00,37005.99,37007.33,36846.01,36874.13,674.76507,-1,tpsl
2023-11-17,36163.51,36800.0,35861.1,36613.92,38283.61112,-1,market
2023-11-18,36613.91,36845.49,36178.58,36568.1,17102.24186,2,market
2023-11-21,37448.79,37649.44,35735.0,35741.65,47646.54804,-2,market
2023-11-22 00:00:00,36939.82,36970.0,36890.0,36953.03,90.80054,1,tpsl
2023-11-23,37408.35,37653.44,36870.0,37294.28,23827.92882,1,market
2023-11-27,37447.42,37569.23,36707.0,37242.7,30001.07376,-2,market
2023-11-28 23:00:00,38073.98,38196.0,38068.0,38178.58,372.55474,1,tpsl
2023-12-08,43273.15,44700.0,43081.1,44170.99,42900.37556,-1,market
2023-12-09,44171.0,44358.02,43584.51,43713.6,24925.97008,2,market
2023-12-10,43713.59,44049.0,43563.0,43789.51,18956.61758,-2,market
2023-12-13,41492.38,43475.2,40555.0,42869.03,45865.99773,2,market
2023-12-15 21:06:00,41821.5,41898.0,41735.01,41768.93,343.40742,-1,tpsl
2023-12-16,41940.29,42724.43,41605.0,42278.03,24118.85747,-1,market
2023-12-19 07:24:00,43050.01,43376.84,43050.01,43339.7,718.02741,1,tpsl
2023-12-23,43969.04,43988.68,43291.1,43702.16,16557.1293,-1,market
2023-12-28,43428.86,43787.57,42241.79,42563.76,35150.52485,2,market
2023-12-29,42563.76,43111.0,41300.0,42066.95,42597.18912,-2,market
2023-12-31,42140.29,42899.0,41965.84,42283.58,23585.91603,2,market
2024-01-03,44946.91,45500.0,40750.0,42845.23,81194.55173,-2,market
2024-01-04 20:57:00,43866.97,44199.99,43866.96,44154.01,648.12788,1,tpsl
2024-01-05,44151.1,44357.46,42450.0,44145.11,48075.25327,1,market
2024-01-06,44145.12,44214.42,43397.05,43968.32,17835.06144,-2,market
2024-01-08 17:42:00,44976.01,45150.0,44961.1,45141.09,916.03906,1,tpsl
2024-01-12,46339.16,46515.53,41500.0,42782.73,86327.93707,-1,market
2024-01-13 02:03:00,43838.07,43897.57,43741.1,43884.01,280.04031,1,tpsl
2024-01-16,42511.1,43578.01,42050.0,43137.95,45045.74589,1,market
2024-01-18 22:15:00,42132.63,42158.84,42005.7,42007.99,213.55408,-1,tpsl
2024-01-21,41696.05,41881.39,41500.98,41580.33,11730.16301,1,market
2024-01-22 15:54:00,40661.28,40679.54,40500.1,40506.31,436.75292,-1,tpsl
2024-01-25,40084.89,40300.24,39550.0,39961.09,31022.11853,1,market
2024-01-31,42941.1,43745.11,42276.84,42580.0,39871.13688,-2,market
2024-02-01,42580.0,43285.13,41884.28,43082.94,35231.04664,2,market
2024-02-04,43011.1,43119.04,42222.0,42582.88,17066.89404,-2,market
2024-02-06,42708.7,43399.98,42574.0,43098.95,24675.85433,2,market
2024-02-18,51642.64,52377.0,51163.28,52137.67,21992.10363,-2,market
2024-02-20,51774.74,52985.0,50760.37,52258.82,49614.47318,2,market
2024-02-21 15:36:00,51088.01,51088.01,50934.0,50934.01,393.60611,-1,tpsl
2024-02-25,51568.21,51958.55,51279.8,51728.85,18721.63159,1,market
2024-03-03,61987.28,63231.88,61320.0,63113.97,28994.90903,-2,market
2024-03-04 13:42:00,64671.1,64829.24,64592.01,64793.99,339.40464,1,tpsl
2024-03-06,63724.01,67641.1,62779.14,66074.04,78738.85491,-1,market
2024-03-07 20:06:00,67679.17,67835.96,67655.58,67835.94,530.31096,1,tpsl
2024-03-15,71388.94,72419.71,65600.0,69499.85,103334.03546,-1,market
2024-03-18,68393.47,68956.0,66565.2,67609.99,55691.08088,2,market
2024-03-19 07:06:00,65952.61,66069.45,65804.22,65817.7,487.79629,-1,tpsl
2024-03-21,67840.51,68240.47,64529.01,65501.27,53357.48002,1,market
2024-03-22 19:03:00,63962.81,63987.0,63710.25,63722.75,332.9817,-1,tpsl
2024-03-24,63990.02,67628.69,63772.29,67209.99,31395.78015,1,market
2024-03-29,70780.6,70916.16,69009.0,69850.54,25445.08353,-2,market
2024-03-31,69582.17,71366.0,69562.99,71280.01,19396.34433,2,market
2024-04-01 11:18:00,69815.14,69815.14,69125.0,69261.99,1072.91725,-1,tpsl
2024-04-02,69649.81,69674.23,64550.0,65463.99,71799.82793,-1,market
2024-04-04 18:45:00,67015.63,67200.0,66980.87,67191.99,254.12818,1,tpsl
2024-04-10,69146.0,71172.08,67518.0,70631.08,42006.02377,-1,market
2024-04-11,70631.08,71305.89,69567.21,70006.23,31917.25595,2,market
2024-04-12 22:54:00,68344.0,68384.0,68074.89,68133.34,308.78636,-1,tpsl
2024-04-19,63470.09,65450.0,59600.01,63818.01,69774.30271,1,market
2024-04-24,66414.0,67070.43,63606.06,64289.59,33595.69637,-2,market
2024-04-29,63118.62,64228.35,61765.53,63866.0,28150.22947,2,market
2024-04-30 14:12:00,62417.96,62417.96,62163.27,62201.13,476.05999,-1,tpsl
2024-05-03,59060.6,63333.0,58811.32,62882.01,43628.40143,1,market
2024-05-07,63165.18,64422.41,62261.0,62312.08,25598.79472,-2,market
2024-05-10,63074.0,63469.13,60187.12,60799.99,36529.34025,2,market
2024-05-11,60799.99,61515.0,60487.09,60825.99,13374.56936,-2,market
2024-05-12,60825.99,61888.0,60610.0,61483.99,12753.13236,2,market
2024-05-19,66915.2,67700.0,65857.25,66274.01,18025.30409,-2,market
2024-05-20 22:09:00,67861.9,68205.0,67861.9,68158.48,821.59905,1,tpsl
2024-05-22,70148.34,70666.0,68842.19,69166.62,27673.18026,-1,market
2024-05-25,68549.99,69610.0,68500.0,69290.57,12130.39418,2,market
2024-05-27,68507.67,70687.56,68250.0,69436.43,23136.92737,-2,market
2024-05-28,69436.43,69591.81,67277.91,68398.39,32622.97042,2,market
2024-05-29,68398.4,68935.68,67124.65,67652.42,23159.83149,-2,market
2024-05-30 23:09:00,69280.0,69471.33,69250.0,69455.64,341.85115,1,tpsl
2024-06-02,67766.84,68460.0,67257.47,67765.63,15426.32529,1,market
2024-06-07,70799.06,71997.02,68420.0,69355.6,35598.45045,-2,market
2024-06-10,69648.15,70195.94,69172.29,69540.0,17122.66941,2,market
2024-06-11 09:54:00,67970.01,67995.49,67617.0,67723.98,613.8544,-1,tpsl
2024-06-16,66228.25,66998.7,66034.5,66676.87,9392.52223,1,market
2024-06-18 07:12:00,65257.99,65446.68,64641.7,64641.71,1600.13906,-1,tpsl
2024-06-28,61706.46,62225.31,60063.0,60427.84,24821.19255,1,market
2024-06-29,60427.84,61224.0,60383.77,60986.68,11509.55904,-2,market
2024-06-30,60986.68,63058.76,60712.21,62772.01,17326.30136,2,market
2024-07-02,62900.0,63288.83,61806.28,62135.47,18573.11875,-2,market
2024-07-09,56714.61,58296.0,56289.45,58050.0,27732.20788,2,market
2024-07-11,57725.85,59650.0,57050.0,57339.89,29761.05735,-2,market
2024-07-12,57339.89,58526.68,56542.47,57889.1,23652.4569,2,market
2024-07-18,64087.99,65133.3,63238.48,63987.92,22568.7225,-2,market
2024-07-19 19:48:00,65544.76,65786.0,65500.64,65783.88,211.70833,1,tpsl
2024-07-23,67532.0,67750.98,65441.08,65936.01,31406.15316,-1,market
2024-07-26 19:06:00,67396.01,67756.04,67394.07,67662.49,449.71188,1,tpsl
2024-07-29,68249.88,70079.99,66428.0,66784.69,36467.29633,-1,market
2024-08-07,56022.0,57736.05,54558.62,55134.16,44269.37684,2,market
2024-08-11,60923.51,61858.0,58286.73,58712.59,19189.84512,-2,market
2024-08-12 00:00:00,60175.6,60225.66,60175.59,60204.8,5.85123,1,tpsl
2024-08-14,60587.16,61800.0,58433.18,58683.39,28422.76326,1,market
2024-08-15,58683.39,59849.38,56078.54,57541.06,37686.17622,-2,market
2024-08-16 23:24:00,58868.72,59082.8,58868.71,59069.31,121.71191,1,tpsl
2024-08-19,58427.35,59617.63,57787.3,59438.5,22809.31251,-1,market
2024-08-20 09:42:00,60807.42,60981.39,60781.77,60945.51,139.77017,1,tpsl
2024-08-26,64219.99,64481.0,62800.0,62834.0,19470.05276,-1,market
2024-08-31,59123.99,59462.38,58744.0,58973.99,8798.409,2,market
2024-09-01,58974.0,59076.59,57201.0,57301.86,20705.15741,-2,market
2024-09-02 20:03:00,58722.95,58800.0,58637.33,58751.1,201.14913,1,tpsl
2024-09-03,59132.12,59809.65,57415.0,57487.73,22828.18447,1,market
2024-09-04 06:33:00,56237.68,56326.0,55606.0,55992.01,1764.97622,-1,tpsl
2024-09-09,54869.95,58088.0,54591.96,57042.0,32384.51737,1,market
2024-09-15,59993.02,60395.8,58691.05,59132.0,13757.92361,-2,market
2024-09-17 20:33:00,60499.99,60818.0,60499.99,60720.01,491.17085,1,tpsl
2024-09-18,60313.99,61786.24,59174.8,61759.99,36087.02469,1,market
2024-09-19 01:21:00,60279.99,60331.98,60135.02,60180.01,151.57011,-1,tpsl
2024-09-23,63578.76,64745.88,62538.75,63339.99,24078.05287,-1,market
2024-09-24,63339.99,64688.0,62700.0,64262.7,23185.04759,2,market
2024-09-30,65602.01,65618.8,62856.3,63327.59,30011.08752,-1,market
