datetime,open,high,low,close,volume,signals
2018-01-07 23:57:00,17069.79,17099.96,15610.0,16150.03,12493.125558,-1
2018-01-13 23:57:00,13749.95,14580.0,13706.15,14210.0,12221.508528,2
2018-01-14 12:12:00,12900.61,12920.45,12600.0,12704.7,343.898978,-1
2018-01-15 23:57:00,13477.98,14249.99,13147.79,13539.93,14652.094705,-1
2018-01-16 22:18:00,9500.0,9501.0,9280.0,9400.0,430.752358,1
2018-01-19 23:57:00,10960.0,11795.0,10360.0,11474.98,34129.375421,1
2018-01-22 15:48:00,10341.87,10341.89,10209.88,10239.88,241.408564,-1
2018-01-25 23:57:00,11349.96,11794.05,10950.21,11175.27,20839.954183,1
2018-01-29 23:57:00,11879.95,11975.02,11139.55,11251.0,14170.377538,-2
2018-02-05 08:12:00,7944.22,7950.0,7822.0,7827.23,246.561631,1
2018-02-07 23:57:00,7655.02,8476.0,7150.01,7599.0,60778.460497,1
2018-02-11 23:57:00,8533.99,8549.0,7726.53,8063.88,45025.187952,-2
2018-02-12 20:36:00,8863.55,8888.25,8852.9,8888.0,95.771511,1
2018-02-19 23:57:00,10375.01,11250.0,10270.33,11153.0,40831.417131,-1
2018-02-20 23:57:00,11147.11,11786.01,11100.59,11200.99,48153.354288,2
2018-02-21 23:57:00,11195.07,11304.03,10200.0,10437.6,68113.818754,-2
2018-02-26 23:57:00,9590.0,10444.32,9350.0,10324.0,34878.292756,2
2018-03-06 23:57:00,11455.0,11455.0,10555.48,10716.48,29515.572363,-2
2018-03-11 23:57:00,8770.22,9740.0,8450.0,9533.57,44325.973386,2
2018-03-13 23:57:00,9131.34,9474.0,8823.0,9150.0,40191.409358,-2
2018-03-19 23:57:00,8189.0,8705.23,8088.4,8600.0,55297.084942,2
2018-03-22 23:57:00,8884.82,9100.0,8465.1,8722.9,40617.556809,-2
2018-04-02 23:57:00,6813.01,7125.0,6765.0,7056.0,32123.560072,2
2018-04-05 23:57:00,6796.1,6902.0,6566.69,6770.76,39029.73146,-2
2018-04-08 23:57:00,6895.81,7109.13,6880.0,7018.0,21427.673165,2
2018-04-10 23:57:00,6781.55,6890.0,6656.0,6843.9,22326.728095,-2
2018-04-11 23:57:00,6839.56,6990.0,6787.0,6953.79,23997.871177,2
2018-04-17 23:57:00,8064.92,8173.7,7825.4,7885.02,32152.603567,-2
2018-04-19 23:57:00,8173.99,8296.0,8080.0,8278.0,27113.847464,2
2018-04-26 23:57:00,8869.99,9307.48,8651.62,9266.0,43300.304245,-2
2018-04-27 23:57:00,9267.03,9395.0,8889.0,8915.35,37241.347036,2
2018-04-28 23:57:00,8915.35,9427.48,8870.0,9348.0,34759.62842,-2
2018-04-29 23:57:00,9348.0,9570.51,9163.74,9419.0,38149.850035,2
2018-05-01 23:57:00,9246.01,9248.99,8800.49,9071.48,41018.463633,-2
2018-05-03 23:57:00,9247.81,9844.0,9168.4,9750.0,38768.388288,2
2018-05-07 23:57:00,9661.02,9689.67,9181.0,9365.0,33787.640012,-2
2018-05-13 23:57:00,8475.44,8763.36,8298.0,8679.71,25632.869362,2
2018-05-16 23:57:00,8462.0,8488.0,8083.01,8330.0,31130.718908,-2
2018-05-19 23:57:00,8238.01,8390.8,8095.73,8233.49,17193.424276,2
2018-05-22 23:57:00,8386.89,8400.18,7935.11,7977.11,23710.902858,-2
2018-05-30 23:57:00,7467.98,7569.0,7260.5,7375.96,32041.583623,2
2018-06-05 23:57:00,7487.0,7679.49,7358.0,7625.0,31722.973384,-2
2018-06-06 23:57:00,7626.64,7699.0,7467.05,7658.84,27229.991898,2
2018-06-07 23:57:00,7658.79,7765.0,7620.0,7691.08,25062.227202,-2
2018-06-08 23:57:00,7691.08,7703.5,7531.0,7603.44,23396.804671,2
2018-06-09 23:57:00,7603.44,7683.98,7450.0,7491.73,19339.885176,-2
2018-06-15 23:57:00,6638.67,6666.66,6362.31,6388.9,30018.329905,2
2018-06-16 23:57:00,6380.01,6560.0,6320.86,6483.98,22277.241147,-2
2018-06-17 23:57:00,6482.5,6589.03,6422.0,6449.61,19847.247688,2
2018-06-21 23:57:00,6763.21,6795.0,6672.57,6718.84,25428.854048,-2
2018-06-26 23:57:00,6252.0,6272.54,6035.0,6070.78,19377.240484,2
2018-06-27 23:57:00,6065.89,6190.43,5971.0,6133.73,19225.671098,-2
2018-06-30 23:57:00,6197.92,6528.99,6186.03,6390.07,37919.61284,2
2018-07-04 23:57:00,6511.01,6784.92,6441.11,6586.98,23571.892777,-2
2018-07-05 23:57:00,6585.53,6712.0,6453.33,6529.2,35071.972898,2
2018-07-06 23:57:00,6529.2,6648.54,6425.0,6609.78,29397.094748,-2
2018-07-07 23:57:00,6609.79,6818.16,6508.88,6756.98,23973.876886,2
2018-07-09 23:57:00,6712.1,6802.06,6612.24,6662.12,26732.40655,-2
2018-07-14 23:57:00,6214.57,6335.0,6178.0,6251.99,17783.071999,2
2018-07-21 23:57:00,7337.47,7458.47,7211.0,7398.78,28886.490291,-2
2018-07-23 23:57:00,7394.78,7833.0,7375.0,7721.01,41646.346671,2
2018-07-26 23:57:00,8175.63,8315.69,7850.06,7920.0,43223.481682,-2
2018-07-28 23:57:00,8188.57,8246.54,8067.0,8225.04,26215.173839,2
2018-07-31 23:57:00,8171.4,8180.0,7633.0,7730.93,48296.915587,-2
2018-08-12 23:57:00,6222.55,6472.3,6130.0,6308.33,38567.770712,2
2018-08-14 23:57:00,6248.25,6250.33,5880.0,6188.08,50186.745091,-2
2018-08-15 23:57:00,6188.08,6609.0,6172.11,6267.16,68806.687026,2
2018-08-19 23:57:00,6387.96,6541.0,6300.0,6477.53,45190.847994,-2
2018-08-22 23:57:00,6479.98,6882.54,6251.2,6360.89,77909.391359,2
2018-08-30 23:57:00,7033.21,7063.63,6784.81,6984.84,44716.77462,-2
2018-09-01 23:57:00,7011.21,7275.0,7008.74,7200.01,40323.414093,2
2018-09-05 23:57:00,7359.05,7397.3,6682.0,6700.0,63715.256267,-2
2018-09-10 23:57:00,6252.26,6373.98,6221.0,6312.0,32439.456432,2
2018-09-17 23:57:00,6500.08,6533.84,6201.0,6248.69,35987.254738,-2
2018-09-19 23:57:00,6336.39,6517.7,6123.0,6391.89,39044.080082,2
2018-09-24 23:57:00,6706.81,6730.0,6557.0,6581.39,35305.73991,-2
2018-09-27 23:57:00,6467.84,6750.0,6434.0,6689.13,33087.428297,2
2018-10-01 23:57:00,6626.57,6667.09,6510.0,6611.61,20621.506894,-2
2018-10-05 23:57:00,6591.69,6697.0,6543.08,6635.65,16096.552392,2
2018-10-10 23:57:00,6656.67,6659.95,6530.0,6631.0,15390.661444,-2
2018-10-14 23:57:00,6332.92,6416.0,6308.0,6339.34,15627.411314,2
2018-10-18 23:57:00,6739.01,6796.0,6567.0,6618.96,20116.521941,-2
2018-10-21 23:57:00,6585.72,6663.9,6580.0,6590.11,6515.357792,2
2018-10-22 23:57:00,6590.12,6639.0,6535.27,6581.2,16213.69266,-2
2018-10-23 23:57:00,6581.2,6595.0,6515.45,6553.51,13856.601756,2
2018-10-24 23:57:00,6553.51,6630.0,6547.53,6565.5,11951.543977,-2
2018-11-01 23:57:00,6369.52,6442.65,6348.66,6410.0,9099.035841,2
2018-11-09 23:57:00,6479.84,6511.53,6391.01,6419.99,11787.616583,-2
2018-11-12 23:57:00,6450.71,6497.0,6421.0,6453.07,10132.782567,2
2018-11-14 19:30:00,5826.77,5829.14,5768.0,5779.37,392.921554,-1
2018-11-28 23:57:00,3875.63,4394.47,3874.27,4264.85,91983.567949,1
2018-11-30 23:57:00,4295.72,4341.36,3943.0,4041.32,67758.446283,-2
2018-12-09 23:57:00,3411.36,3658.0,3394.04,3545.37,45956.893296,2
2018-12-11 23:57:00,3434.01,3480.0,3324.32,3380.39,35920.864154,-2
2018-12-12 23:57:00,3379.23,3492.0,3350.0,3445.0,33922.931286,2
2018-12-13 23:57:00,3446.38,3460.0,3255.5,3302.06,40040.917013,-2
2018-12-17 23:57:00,3229.22,3585.0,3216.0,3509.08,66761.751697,2
2018-12-22 23:57:00,3840.25,3979.0,3785.0,3948.91,42822.350872,-2
2018-12-23 23:57:00,3948.91,4021.53,3870.0,3929.71,40117.531529,2
2018-12-24 23:57:00,3929.71,4198.0,3924.83,4008.01,64647.809129,-2
2018-12-29 23:57:00,3839.0,3892.0,3670.0,3695.32,38874.373903,2
2019-01-04 23:57:00,3767.2,3823.64,3703.57,3792.01,29519.554671,-2
2019-01-05 23:57:00,3790.09,3840.99,3751.0,3770.96,30490.667751,2
2019-01-09 23:57:00,3955.45,4006.81,3930.04,3966.65,28989.439511,-2
2019-01-14 23:57:00,3477.56,3671.87,3467.02,3626.09,35235.211215,2
2019-01-18 23:57:00,3613.32,3620.0,3565.75,3594.87,22713.446755,-2
2019-01-19 23:57:00,3594.87,3720.0,3594.23,3665.3,22171.578123,2
2019-01-20 23:57:00,3665.75,3693.73,3475.0,3539.28,27901.938598,-2
2019-01-23 23:57:00,3570.41,3607.98,3514.5,3552.82,24938.842698,2
2019-01-24 23:57:00,3552.97,3589.0,3529.22,3569.62,20826.25118,-2
2019-01-25 23:57:00,3569.07,3587.15,3522.51,3565.29,17608.346671,2
2019-01-26 23:57:00,3566.69,3662.94,3545.0,3565.25,19476.532344,-2
2019-01-27 23:57:00,3565.62,3579.0,3486.0,3550.84,22735.598162,2
2019-01-28 23:57:00,3550.05,3557.75,3380.27,3434.15,40405.111401,-2
2019-01-31 23:57:00,3457.5,3489.2,3418.8,3434.1,29607.190253,2
2019-02-04 23:57:00,3458.11,3484.88,3433.31,3463.22,23131.981108,-2
2019-02-05 23:57:00,3463.22,3478.97,3448.43,3471.59,25264.41503,2
2019-02-06 23:57:00,3471.57,3482.72,3380.0,3405.37,35310.244846,-2
2019-02-08 23:57:00,3398.4,3733.58,3373.1,3659.04,47968.058013,2
2019-02-12 23:57:00,3631.05,3667.6,3582.34,3631.46,29479.59823,-2
2019-02-16 23:57:00,3602.49,3648.2,3597.91,3618.41,19565.992751,2
2019-02-22 23:57:00,3937.31,3988.0,3926.65,3962.0,23943.16375,-2
2019-02-23 23:57:00,3962.0,4162.02,3933.15,4117.76,33657.942883,2
2019-02-24 23:57:00,4118.0,4198.0,3712.66,3743.56,62224.18689,-2
2019-02-28 23:57:00,3818.04,3888.0,3763.87,3813.69,32561.961044,2
2019-03-02 23:57:00,3822.17,3841.31,3772.25,3819.93,19445.838355,-2
2019-03-03 23:57:00,3819.97,3835.0,3781.32,3807.75,16718.16541,2
2019-03-04 23:57:00,3807.32,3830.0,3670.69,3715.3,34742.84166,-2
2019-03-05 23:57:00,3716.1,3877.1,3703.55,3857.73,32962.536162,2
2019-03-11 23:57:00,3915.99,3936.98,3830.0,3871.61,38066.885705,-2
2019-03-15 23:57:00,3877.12,3939.22,3872.2,3923.76,21740.061498,2
2019-03-21 23:57:00,4043.04,4069.32,3880.01,3980.64,35997.682119,-2
2019-03-24 23:57:00,4006.01,4006.02,3950.0,3992.18,17179.850648,2
2019-03-25 23:57:00,3991.35,3999.3,3888.71,3936.12,33192.890217,-2
2019-03-27 23:57:00,3948.77,4048.0,3936.15,4038.05,32364.555852,2
2019-04-03 21:00:00,5236.26,5271.16,5232.71,5269.18,397.461856,-1
2019-04-11 23:57:00,5307.86,5332.67,4927.0,5017.37,54696.600686,-1
2019-04-14 23:57:00,5047.45,5152.99,5000.0,5131.3,18281.607739,2
2019-04-21 23:57:00,5292.91,5314.35,5165.0,5256.14,25549.570939,-2
2019-04-22 23:57:00,5257.41,5400.0,5208.35,5357.14,29563.852309,2
2019-04-25 23:57:00,5415.0,5491.84,5102.0,5219.9,49636.089948,-2
2019-04-29 23:57:00,5309.81,5332.0,5178.8,5238.14,19918.135079,2
2019-04-30 23:57:00,5238.14,5339.98,5192.15,5320.81,22238.06823,-2
2019-05-01 23:57:00,5321.94,5402.0,5316.2,5383.2,17217.473216,2
2019-05-06 23:57:00,5773.18,5805.0,5619.14,5747.79,25256.596325,-2
2019-05-08 23:57:00,5846.34,6014.72,5772.2,5987.29,23074.05152,2
2019-05-13 15:12:00,7690.53,7869.08,7653.01,7791.28,1460.910165,-1
2019-05-17 23:57:00,7868.67,7925.0,6913.0,7355.26,88752.008159,-1
2019-05-19 22:33:00,8065.94,8100.0,8060.23,8100.0,423.040553,1
2019-05-22 23:57:00,7904.48,8016.0,7465.0,7628.43,49136.994589,-1
2019-05-24 23:57:00,7849.95,8130.0,7766.0,7964.87,46664.785325,2
2019-05-30 23:57:00,8646.5,9074.26,8005.0,8269.54,70379.998521,-2
2019-06-01 23:57:00,8555.0,8626.0,8442.36,8544.07,31868.234157,2
2019-06-03 23:57:00,8726.0,8800.95,8080.8,8115.82,45692.965104,-2
2019-06-07 23:57:00,7787.57,8100.0,7737.49,7980.53,33942.225658,2
2019-06-09 23:57:00,7895.28,7935.0,7506.66,7628.13,31568.465157,-2
2019-06-10 23:57:00,7627.57,8020.0,7511.0,7982.75,36756.078468,2
2019-06-19 23:57:00,9081.97,9304.0,8960.0,9255.49,32147.706495,-2
2019-06-20 23:57:00,9253.76,9590.0,9175.2,9517.12,34556.053982,2
2019-06-26 04:42:00,12354.99,12455.0,12350.0,12406.49,556.333122,-1
2019-06-28 23:57:00,11329.99,12480.0,10982.88,12400.63,95795.203964,-1
2019-06-29 23:57:00,12407.06,12441.54,11475.02,11903.13,69642.074157,2
2019-06-30 23:57:00,11903.13,12180.0,10766.03,10854.1,84512.530443,-2
2019-07-03 23:45:00,11931.82,11960.0,11922.0,11952.0,837.929985,1
2019-07-05 23:57:00,11145.67,11406.83,10796.44,10970.73,63534.350582,-1
2019-07-06 23:57:00,10982.41,11665.0,10964.51,11256.49,51469.496331,2
2019-07-11 23:57:00,12108.11,12111.73,11000.0,11342.89,87506.461058,-2
2019-07-18 23:57:00,9668.86,10788.0,9252.0,10627.16,80283.310252,2
2019-07-22 23:57:00,10590.15,10683.16,10100.0,10340.31,40467.954839,-2
2019-07-26 23:57:00,9882.15,9889.98,9637.0,9824.0,27167.463217,2
2019-07-27 23:57:00,9824.0,10188.66,9333.0,9476.52,43809.778301,-2
2019-07-30 23:57:00,9509.07,9714.28,9402.0,9574.21,32536.368834,2
2019-08-09 23:57:00,11994.17,12045.68,11700.0,11879.99,39427.152588,-2
2019-08-17 23:57:00,10331.15,10465.14,10000.0,10216.02,29000.581201,2
2019-08-21 23:57:00,10760.51,10804.13,9858.0,10142.57,47355.719282,-2
2019-08-26 23:57:00,10142.69,10604.0,10137.93,10372.25,41687.511599,2
2019-08-28 23:57:00,10185.69,10299.0,9601.01,9721.0,42110.555375,-2
2019-09-01 23:57:00,9588.74,9830.0,9520.0,9724.98,19545.404843,2
2019-09-06 23:57:00,10563.13,10905.87,10150.0,10298.73,58799.640959,-2
2019-09-08 23:57:00,10455.9,10592.5,10208.0,10381.18,23984.672018,2
2019-09-09 23:57:00,10381.24,10480.0,10068.5,10303.12,39835.727608,-2
2019-09-12 23:57:00,10158.75,10448.81,10040.0,10415.01,34511.162755,2
2019-09-16 23:57:00,10303.34,10355.0,10078.0,10251.31,28971.401657,-2
2019-09-20 23:57:00,10243.7,10281.0,10061.39,10168.59,25088.491069,2
2019-09-21 23:57:00,10167.92,10176.7,9900.0,9986.39,20544.175196,-2
2019-09-28 23:57:00,8177.47,8315.0,8001.09,8198.81,34473.605165,2
2019-10-02 23:57:00,8292.67,8373.91,8151.22,8359.94,26243.386644,-2
2019-10-03 23:57:00,8360.0,8393.0,8060.0,8223.96,30488.284058,2
2019-10-04 23:57:00,8224.43,8232.41,8005.0,8137.13,26476.330404,-2
2019-10-08 23:57:00,8190.82,8325.0,8088.75,8168.39,35452.657423,2
2019-10-11 23:57:00,8557.82,8779.51,8212.38,8258.5,50405.284418,-2
2019-10-15 23:57:00,8346.86,8403.0,8090.0,8159.29,32773.062476,2
2019-10-16 23:57:00,8159.3,8181.16,7917.0,7991.74,34733.593966,-2
2019-10-20 23:57:00,7949.87,8297.0,7870.0,8223.35,34286.452654,2
2019-10-22 23:57:00,8197.28,8297.99,8000.0,8020.0,34651.828663,-2
2019-10-25 23:57:00,7412.41,8799.0,7361.0,8655.02,90748.218174,2
2019-10-29 23:57:00,9204.45,9550.0,9072.0,9407.62,64158.462446,-2
2019-11-02 23:57:00,9231.4,9373.74,9186.21,9289.52,28923.060828,2
2019-11-07 23:57:00,9339.16,9375.0,9101.0,9216.2,39117.470853,-2
2019-11-10 23:57:00,8809.18,9147.19,8750.0,9039.47,34422.029797,2
2019-11-12 23:57:00,8733.36,8888.0,8567.6,8821.94,40366.629471,-2
2019-11-13 23:57:00,8821.91,8844.99,8702.0,8777.12,26810.116918,2
2019-11-14 23:57:00,8777.54,8800.0,8582.6,8646.68,33468.468961,-2
2019-11-26 23:57:00,7109.99,7340.0,7017.48,7156.14,65722.39769,2
2019-12-01 23:57:00,7540.63,7541.85,7210.0,7390.89,60769.342313,-2
2019-12-05 23:57:00,7194.59,7485.0,7150.0,7389.0,59306.678855,2
2019-12-09 23:57:00,7510.11,7650.0,7273.0,7338.64,46621.887493,-2
2019-12-14 23:57:00,7257.37,7271.77,7012.0,7064.05,29561.985967,2
2019-12-15 23:57:00,7064.14,7200.3,7008.35,7118.59,26395.778137,-2
2019-12-18 23:57:00,6623.84,7440.0,6435.0,7277.83,95636.651251,2
2019-12-24 23:57:00,7317.3,7436.68,7157.04,7255.77,43629.494188,-2
2019-12-28 23:57:00,7254.77,7365.01,7238.67,7316.14,26848.982199,2
2019-12-31 23:57:00,7246.0,7320.0,7145.01,7195.23,25954.453533,-2
2020-01-04 23:57:00,7345.0,7404.0,7272.21,7354.11,29987.974977,2
2020-01-09 23:57:00,8054.72,8055.96,7750.0,7817.76,64239.51983,-2
2020-01-11 23:57:00,8198.86,8286.34,8003.16,8020.01,54810.032667,2
2020-01-12 23:57:00,8020.01,8197.0,7960.0,8184.98,38131.494336,-2
2020-01-13 23:57:00,8184.97,8196.0,8055.89,8110.34,31159.755683,2
2020-01-19 23:57:00,8915.09,9198.98,8466.0,8701.7,70676.889259,-2
2020-01-22 23:57:00,8736.04,8818.0,8590.0,8682.36,29080.557138,2
2020-01-23 23:57:00,8682.77,8691.81,8306.39,8404.52,48165.944597,-2
2020-01-26 23:57:00,8340.01,8618.13,8293.66,8615.0,31130.485164,2
2020-02-01 23:57:00,9351.71,9464.53,9281.0,9384.61,28578.067354,-2
2020-02-05 23:57:00,9197.02,9744.45,9177.22,9612.04,64870.415615,2
2020-02-11 23:57:00,9851.74,10323.59,9700.0,10223.08,62422.395224,-2
2020-02-12 23:57:00,10223.08,10450.0,10223.08,10326.46,61008.06393,2
2020-02-15 23:57:00,10344.36,10375.0,9801.0,9904.72,57657.202947,-2
2020-02-18 23:57:00,9706.0,10250.0,9576.01,10164.71,70604.124019,2
2020-02-20 23:57:00,9594.65,9699.0,9400.0,9596.42,60152.342914,-2
2020-02-22 23:57:00,9677.05,9709.17,9560.02,9650.86,24636.757623,2
2020-02-25 23:57:00,9655.52,9675.0,9250.0,9315.84,54379.344552,-2
2020-03-02 23:57:00,8530.3,8965.75,8498.0,8915.24,60401.31773,2
2020-03-07 23:57:00,9130.89,9188.0,8835.0,8886.66,45422.204525,-2
2020-03-12 10:45:00,6354.89,6434.33,5556.0,5600.0,2634.630315,1
2020-03-16 23:57:00,5360.33,5365.42,4442.12,5028.97,227276.92276,1
2020-03-20 08:15:00,6490.4,6586.48,6490.4,6546.9,2147.784925,-1
2020-03-22 23:57:00,6187.04,6407.87,5734.01,5816.19,119115.990527,-1
2020-03-23 13:03:00,6384.71,6494.94,6379.84,6478.65,2864.038686,1
2020-03-27 23:57:00,6737.27,6842.59,6261.0,6359.11,82914.968354,-1
2020-03-31 23:57:00,6394.45,6523.23,6321.4,6410.44,72337.595259,2
2020-04-04 23:57:00,6732.97,6990.41,6650.01,6856.99,72990.861139,-2
2020-04-05 23:57:00,6857.41,6895.54,6677.52,6772.78,49685.356983,2
2020-04-10 23:57:00,7283.54,7295.75,6739.98,6858.92,104674.623375,-2
2020-04-12 23:57:00,6876.84,7177.0,6780.0,6903.79,73868.666501,2
2020-04-13 23:57:00,6903.79,6903.79,6575.0,6837.91,96415.476573,-2
2020-04-14 23:57:00,6838.04,6978.0,6754.28,6868.7,69068.623285,2
2020-04-15 23:57:00,6868.57,6933.0,6605.0,6621.24,61571.384994,-2
2020-04-16 23:57:00,6621.25,7190.0,6468.27,7101.94,125009.857539,2
2020-04-20 23:57:00,7121.4,7220.0,6751.0,6826.83,90149.49137,-2
2020-04-22 23:57:00,6841.36,7156.38,6818.0,7125.14,61486.377334,2
2020-04-30 03:54:00,9238.44,9289.92,9238.33,9287.17,1084.817462,-1
2020-05-04 23:57:00,8894.15,8950.0,8522.0,8871.96,84418.512331,-1
2020-05-05 23:57:00,8871.92,9118.58,8760.0,9021.83,76480.765342,2
2020-05-09 23:57:00,9800.02,9914.25,9520.0,9539.4,81950.679567,-2
2020-05-13 23:57:00,8810.99,9398.0,8792.99,9309.37,92466.274018,2
2020-05-16 23:57:00,9315.96,9588.0,9220.0,9381.27,59587.627862,-2
2020-05-17 23:57:00,9380.81,9888.0,9322.1,9680.04,68647.764323,2
2020-05-20 23:57:00,9775.13,9842.0,9326.0,9511.43,74923.73809,-2
2020-05-26 23:57:00,8900.35,9017.67,8700.0,8841.18,58299.770138,2
2020-06-03 23:57:00,9518.02,9690.0,9365.21,9666.24,46252.644939,-2
2020-06-04 23:57:00,9666.32,9881.63,9450.0,9789.06,57456.100969,2
2020-06-06 23:57:00,9621.17,9735.0,9531.05,9666.3,32752.950893,-2
2020-06-07 23:57:00,9666.85,9802.0,9372.46,9746.99,57952.848385,2
2020-06-08 23:57:00,9746.99,9800.0,9633.0,9782.01,40664.664125,-2
2020-06-09 23:57:00,9782.0,9877.0,9570.0,9772.43,46024.001289,2
2020-06-10 23:57:00,9772.44,9992.72,9704.18,9885.0,47130.762982,-2
2020-06-13 23:57:00,9464.96,9494.73,9351.0,9473.34,27759.784851,2
2020-06-14 23:57:00,9473.34,9480.99,9245.0,9342.1,30055.506608,-2
2020-06-16 23:57:00,9426.05,9589.0,9373.09,9525.59,52052.446927,2
2020-06-17 23:57:00,9526.97,9565.0,9236.61,9465.14,48046.411152,-2
2020-06-18 23:57:00,9465.13,9489.0,9280.0,9386.32,37381.953765,2
2020-06-19 23:57:00,9386.32,9438.3,9215.79,9310.23,45330.983673,-2
2020-06-22 23:57:00,9294.69,9780.0,9277.09,9685.69,57895.468343,2
2020-06-24 23:57:00,9624.33,9670.0,9208.0,9296.49,61571.561464,-2
2020-06-29 23:57:00,9116.16,9238.0,9024.67,9192.56,42120.293261,2
2020-07-02 23:57:00,9231.99,9261.96,8940.0,9086.54,45725.168076,-2
2020-07-05 23:57:00,9135.0,9145.24,8893.03,9069.41,34073.653627,2
2020-07-10 23:57:00,9232.42,9317.48,9125.0,9288.34,38295.494006,-2
2020-07-12 23:57:00,9234.02,9345.0,9157.5,9302.75,30872.702286,2
2020-07-13 23:57:00,9303.31,9343.82,9200.89,9242.62,42740.069115,-2
2020-07-14 23:57:00,9242.61,9279.54,9113.0,9255.85,45772.552509,2
2020-07-15 23:57:00,9255.85,9276.49,9160.57,9197.6,39053.579665,-2
2020-07-18 23:57:00,9154.31,9219.3,9121.1,9170.28,22554.541457,2
2020-08-02 01:54:00,11915.91,11942.55,11915.91,11928.23,191.747583,-1
2020-08-03 23:57:00,11071.36,11473.0,10936.0,11219.81,56931.841475,-1
2020-08-04 23:57:00,11219.68,11414.98,11000.0,11191.97,58629.113709,2
2020-08-08 23:57:00,11594.36,11808.27,11512.0,11761.41,41858.16104,-2
2020-08-09 23:57:00,11761.02,11797.11,11521.97,11681.68,41493.067342,2
2020-08-10 23:57:00,11681.69,12067.35,11450.0,11892.92,84952.337887,-2
2020-08-13 23:57:00,11564.34,11792.96,11270.36,11780.0,70132.491502,2
2020-08-19 23:57:00,11945.1,12020.08,11561.0,11754.59,73940.169606,-2
2020-08-23 23:57:00,11663.51,11718.07,11514.13,11648.13,37900.00469,2
2020-08-25 23:57:00,11748.19,11767.85,11117.64,11318.42,69590.923272,-2
2020-08-29 23:57:00,11526.9,11580.02,11417.04,11465.84,32973.7992,2
2020-09-02 23:57:00,11921.97,11954.57,11160.1,11388.54,87221.845602,-2
2020-09-07 23:57:00,10255.89,10410.75,9875.0,10373.44,62620.230676,2
2020-09-09 23:57:00,10126.66,10343.0,9981.01,10219.2,49347.113776,-2
2020-09-10 23:57:00,10219.29,10483.35,10070.83,10336.87,58253.75375,2
2020-09-13 23:57:00,10440.67,10580.11,10200.0,10332.83,43837.609865,-2
2020-09-14 23:57:00,10332.84,10750.0,10212.34,10671.77,67059.291361,2
2020-09-20 23:57:00,11080.64,11080.64,10723.0,10920.28,39157.922565,-2
2020-09-25 23:57:00,10736.33,10760.53,10556.24,10686.67,48101.117008,2
2020-09-29 23:57:00,10696.11,10867.54,10635.87,10840.48,41874.898399,-2
2020-09-30 23:57:00,10840.58,10849.34,10665.13,10776.59,39596.027322,2
2020-10-01 23:57:00,10776.59,10920.0,10437.0,10619.13,60866.332893,-2
2020-10-04 23:57:00,10542.07,10696.87,10517.87,10666.63,23212.001595,2
2020-10-07 23:57:00,10599.65,10681.87,10546.17,10666.39,32811.990279,-2
2020-10-08 23:57:00,10666.4,10950.0,10530.41,10925.57,51959.691572,2
2020-10-14 23:57:00,11420.57,11547.98,11280.0,11417.89,41415.106015,-2
2020-10-18 23:57:00,11360.31,11505.0,11346.22,11503.14,23284.041191,2
2020-10-26 23:57:00,13029.64,13238.81,12765.0,13052.19,60951.672986,-2
2020-10-27 23:57:00,13052.15,13789.29,13019.87,13636.17,80796.553996,2
2020-10-29 23:57:00,13266.4,13642.91,12920.77,13455.7,74872.602132,-2
2020-10-30 23:57:00,13455.69,13669.98,13115.0,13560.1,70657.778881,2
2020-11-02 23:57:00,13761.49,13830.0,13195.05,13549.37,64566.421908,-2
2020-11-03 23:57:00,13549.63,14066.11,13284.99,14023.53,74115.630787,2
2020-11-07 23:57:00,15579.93,15753.52,14344.22,14818.3,101431.206553,-2
2020-11-09 23:57:00,15475.1,15840.0,14805.54,15328.41,108976.334134,2
2020-11-10 23:57:00,15328.41,15460.0,15072.46,15297.21,61681.919606,-2
2020-11-11 23:57:00,15297.21,15965.0,15272.68,15684.24,78469.746458,2
2020-11-15 23:57:00,16069.56,16180.0,15774.72,15957.0,43596.841513,-2
2020-11-16 23:57:00,15957.0,16880.0,15864.0,16713.57,81300.675924,2
2020-11-23 23:57:00,18413.88,18766.0,18000.0,18368.0,82961.506093,-2
2020-11-24 23:57:00,18368.01,19418.97,18018.0,19160.01,113581.509241,2
2020-11-26 08:27:00,17271.54,17275.91,16860.0,17046.42,1836.492749,-1
2020-11-29 23:57:00,17719.84,18360.05,17517.0,18184.99,55329.016303,1
2020-12-02 23:57:00,18764.96,19342.0,18330.0,19204.09,75911.013478,-2
2020-12-03 23:57:00,19204.08,19598.0,18867.2,19421.9,66689.391279,2
2020-12-04 23:57:00,19422.34,19527.0,18565.31,18650.52,71283.6682,-2
2020-12-06 23:57:00,19147.66,19420.0,18857.0,19359.4,37043.091861,2
2020-12-08 23:57:00,19166.9,19294.84,18200.0,18324.11,61626.947614,-2
2020-12-12 23:57:00,18036.53,18948.66,18020.7,18808.69,49519.978432,2
2020-12-21 23:57:00,23455.54,24102.77,21815.0,22719.71,88030.297243,-2
2020-12-23 23:57:00,23810.79,24100.0,22600.0,23232.76,119047.259733,2
2021-01-02 12:21:00,30097.22,30300.26,30055.0,30218.21,1508.440613,-1
2021-01-10 23:57:00,40088.22,41350.0,35111.11,38150.02,118209.544503,-1
2021-01-14 23:57:00,37371.38,40100.0,36701.23,39144.5,102950.389421,2
2021-01-15 16:00:00,35610.79,35612.44,35101.0,35199.93,1072.005502,-1
2021-01-16 23:57:00,36737.43,37950.0,35357.8,35994.98,86348.431508,-1
2021-01-19 23:57:00,36622.46,37850.0,35844.06,35891.49,79611.307769,2
2021-01-20 23:57:00,35901.94,36415.31,33400.0,35468.23,89368.422918,-2
2021-01-23 23:57:00,32950.0,33456.0,31390.16,32078.0,64595.287675,2
2021-01-24 23:57:00,32078.0,33071.0,30900.0,32259.9,57978.037966,-2
2021-01-25 23:57:00,32259.45,34875.0,31910.0,32254.2,88499.226921,2
2021-01-27 23:57:00,32464.01,32557.29,29241.72,30366.15,95911.961711,-2
2021-01-28 22:54:00,33373.4,33478.67,33358.41,33447.44,333.110554,1
2021-01-31 23:57:00,34262.89,34342.69,32171.67,33092.98,68742.280384,-1
2021-02-02 23:57:00,33517.09,35984.33,33418.0,35466.24,78056.65988,2
2021-02-08 23:24:00,45756.64,46794.45,45722.94,46331.32,1551.874268,-1
2021-02-13 23:57:00,47298.15,48150.0,46202.53,47153.69,63768.097399,-1
2021-02-14 23:57:00,47156.78,49707.43,47014.17,48577.79,73735.475533,2
2021-02-22 23:57:00,57412.35,57508.47,47622.0,54087.67,134019.434944,-2
2021-03-01 23:57:00,45134.11,49790.0,44950.53,49587.03,85086.111648,2
2021-03-05 23:57:00,48374.09,49448.93,46300.0,48751.71,78192.496372,-2
2021-03-07 23:57:00,48882.2,51450.03,48882.2,50971.75,55235.028032,2
2021-03-15 23:57:00,58976.08,60633.43,54600.0,55605.2,102771.427298,-2
2021-03-17 23:57:00,56900.74,58974.73,54123.69,58912.97,70421.620841,2
2021-03-21 23:57:00,58100.02,58589.1,55450.11,57351.56,48564.470274,-2
2021-03-26 23:57:00,51293.78,55073.46,51214.6,55025.59,63813.774692,2
2021-04-02 23:57:00,58720.45,60200.0,58428.57,58950.01,47382.418781,-2
2021-04-05 23:57:00,58202.01,59272.0,56777.77,59129.99,54258.01579,2
2021-04-07 23:57:00,57990.03,58655.0,55473.0,55953.45,71228.405659,-2
2021-04-09 23:57:00,58077.52,58894.9,57654.0,58142.54,40831.884911,2
2021-04-16 23:57:00,63158.74,63520.61,60000.0,61334.8,91764.139884,-2
2021-04-26 23:57:00,49066.76,54356.62,48753.44,54001.39,86310.802124,2
2021-04-29 23:57:00,54846.23,55195.84,52330.94,53555.0,52486.019455,-2
2021-04-30 23:57:00,53555.0,57963.0,53013.01,57694.27,68578.910045,2
2021-05-03 23:57:00,56578.21,58981.44,56435.0,57169.39,57649.931286,-2
2021-05-06 23:57:00,57436.11,58360.0,55200.0,56393.68,70181.671908,2
2021-05-10 23:57:00,58240.83,59500.0,53400.0,55816.14,89586.34925,-2
2021-05-19 04:51:00,39151.35,39151.36,38685.33,38705.56,1402.708932,1
2021-05-21 23:57:00,40525.39,42200.0,33488.0,37252.01,202100.888258,1
2021-05-22 23:57:00,37263.35,38829.0,35200.62,37449.73,126542.243689,-2
2021-05-24 23:57:00,34681.44,39920.0,34031.0,38796.29,161630.893971,2
2021-05-27 23:57:00,39241.92,40411.14,37134.27,38529.98,86547.158794,-2
2021-05-31 23:57:00,35641.26,37499.0,34153.84,37253.81,94160.735289,2
2021-06-05 23:57:00,36829.15,37925.0,34800.0,35513.2,70459.62149,-2
2021-06-09 23:57:00,33380.8,37534.79,32396.82,37388.05,136607.597517,2
2021-06-16 23:57:00,40143.8,40527.14,38116.01,38349.01,87771.976937,-2
2021-06-23 23:57:00,32509.56,34881.0,31683.0,33678.07,126966.100563,2
2021-06-25 23:57:00,34663.08,35500.0,31275.0,31584.45,116061.130356,-2
2021-06-27 23:57:00,32283.65,34749.0,31973.45,34700.34,96613.244211,2
2021-07-01 23:57:00,35045.0,35057.57,32711.0,33504.69,71708.266112,-2
2021-07-04 23:57:00,34669.12,35967.85,34357.15,35286.51,43703.475789,2
2021-07-06 23:57:00,33690.15,35118.88,33532.0,34220.01,58210.596349,-2
2021-07-07 23:57:00,34220.02,35059.09,33777.77,33862.12,53807.521675,2
2021-07-08 23:57:00,33862.11,33929.64,32077.0,32875.71,70136.48032,-2
2021-07-10 23:57:00,33815.81,34262.0,33004.78,33502.87,34761.175468,2
2021-07-13 23:57:00,33086.94,33340.0,32202.25,32729.77,41126.361008,-2
2021-07-21 23:57:00,29790.34,32858.0,29482.61,32144.51,82796.265128,2
2021-07-30 23:42:00,41605.22,41888.0,41600.0,41867.63,415.746696,-1
2021-08-01 23:57:00,41461.84,42599.0,39422.01,39845.44,53953.186326,-1
2021-08-05 23:57:00,39723.17,41350.0,37332.7,40862.46,84343.755621,2
2021-08-11 23:57:00,45585.0,46743.47,45341.14,45511.0,52734.901977,-2
2021-08-13 23:57:00,44400.06,47886.0,44217.39,47800.0,48239.370431,2
2021-08-16 23:57:00,46973.82,48053.83,45660.0,45901.29,52480.574014,-2
2021-08-19 23:57:00,44699.37,47033.0,43927.7,46760.62,53411.75392,2
2021-08-24 23:57:00,49488.85,49860.0,47600.0,47674.01,51014.594748,-2
2021-08-28 23:57:00,49069.9,49299.0,48346.88,48895.35,26681.063786,2
2021-08-30 23:57:00,48767.84,48888.61,46853.0,46982.91,40288.35083,-2
2021-09-01 23:57:00,47100.89,49156.0,46512.0,48810.52,49904.65528,2
2021-09-07 23:57:00,52666.2,52920.0,42843.05,46863.73,123048.802719,-2
2021-09-12 23:57:00,45173.68,46460.0,44742.06,46025.24,32094.28052,2
2021-09-17 23:57:00,47737.81,48150.0,46699.56,47299.98,34461.92776,-2
2021-09-18 23:57:00,47299.98,48843.2,47035.56,48292.74,30906.47038,2
2021-09-19 23:57:00,48292.75,48372.83,46829.18,47241.75,29847.24349,-2
2021-09-23 23:57:00,43546.37,44978.0,43069.09,44865.26,48699.57655,2
2021-09-25 23:57:00,42810.58,42966.84,41646.28,42670.64,33594.57189,-2
2021-09-30 23:57:00,41524.29,44141.37,41410.17,43824.1,46381.22781,2
2021-10-08 23:57:00,53785.22,56100.0,53617.61,53951.43,46160.25785,-2
2021-10-09 23:57:00,53955.67,55489.0,53661.67,54949.72,55177.08013,2
2021-10-13 23:57:00,55996.91,57777.0,54167.19,57367.0,55808.44492,-2
2021-10-14 23:57:00,57370.83,58532.54,56818.05,57347.94,43053.336781,2
2021-10-22 23:57:00,62193.15,63732.39,60000.0,60688.22,52119.35886,-2
2021-10-25 23:57:00,60852.22,63710.63,60650.0,63078.78,36853.83806,2
2021-10-27 23:57:00,60328.81,61496.0,58000.0,58413.44,62124.49016,-2
2021-10-29 23:57:00,60575.9,62980.0,60174.81,62253.71,43973.90414,2
2021-11-01 23:57:00,61299.81,62437.74,59405.0,60911.11,44687.66672,-2
2021-11-02 23:57:00,60911.12,64270.0,60624.68,63219.99,46368.2841,2
2021-11-04 23:57:00,62896.49,63086.31,60677.01,61395.01,35930.93314,-2
2021-11-07 23:57:00,61470.62,63286.35,61322.78,63273.59,25515.6883,2
2021-11-10 23:57:00,66947.67,69000.0,62822.9,64882.43,65171.504046,-2
2021-11-14 23:57:00,64380.01,65550.51,63576.27,65519.1,25705.07347,2
2021-11-16 10:12:00,59394.5,59449.94,58574.07,58610.01,1050.4026,-1
2021-11-20 23:57:00,58057.1,59845.0,57353.0,59707.51,33811.5901,1
2021-11-22 23:57:00,58617.7,59444.0,55610.0,56247.18,51724.32047,-2
2021-11-25 23:57:00,57138.29,59398.9,57000.0,58960.36,42153.51522,2
2021-11-26 23:57:00,58960.37,59150.0,53500.0,53726.53,65927.87066,-2
2021-11-28 23:57:00,54716.47,57445.05,53256.64,57274.88,36163.7137,2
2021-12-02 23:57:00,57184.07,57375.47,55777.77,56480.34,37574.05976,-2
2021-12-07 23:57:00,50441.91,51936.33,50039.74,50588.95,38253.46877,2
2021-12-09 23:57:00,50471.19,50797.76,47320.0,47545.59,37692.68665,-2
2021-12-12 23:57:00,49389.99,50777.0,48638.0,50053.9,26017.93421,2
2021-12-13 23:57:00,50053.9,50189.97,45672.75,46702.75,50869.52093,-2
2021-12-15 23:57:00,48336.95,49500.0,46547.0,48864.98,51629.181,2
2021-12-16 23:57:00,48864.98,49436.43,47511.0,47632.38,31949.86739,-2
2021-12-20 23:57:00,46681.24,47537.57,45558.85,46914.16,35848.50609,2
2021-12-26 23:57:00,50399.67,51280.0,49412.0,50775.49,22569.88914,-2
2021-12-27 23:57:00,50775.48,52088.0,50449.0,50701.44,28779.58212,2
2021-12-28 23:57:00,50701.44,50704.05,47313.01,47543.74,45853.33924,-2
2022-01-01 23:57:00,46216.93,47954.63,46208.37,47722.65,19604.46325,2
2022-01-03 23:57:00,47286.18,47570.0,45696.0,46446.1,27662.0771,-2
2022-01-09 23:57:00,41679.74,42786.7,41200.02,41864.62,22724.39426,2
2022-01-14 23:57:00,42558.35,43448.78,41725.95,43059.96,32640.88292,-2
2022-01-24 23:57:00,36244.55,37550.0,32917.17,36660.35,91904.753211,2
2022-02-02 23:57:00,38694.59,38855.92,36586.95,36896.36,35794.6813,-2
2022-02-04 19:30:00,40492.29,40606.0,40490.01,40597.44,102.82428,1
2022-02-10 23:57:00,44372.71,45821.0,43174.01,43495.44,62357.29091,-1
2022-02-14 23:57:00,42053.65,42842.4,41550.56,42535.94,34010.1306,2
2022-02-17 23:57:00,43873.56,44164.71,40073.21,40515.7,47245.99494,-2
2022-02-23 23:57:00,38230.33,39249.93,37036.79,37250.01,43560.732,2
2022-02-27 23:57:00,39116.73,39855.7,37000.0,37699.07,46229.44719,-2
2022-02-28 20:18:00,41376.99,41553.0,41342.43,41536.59,141.70785,1
2022-03-03 23:57:00,43892.99,44101.12,41832.28,42454.0,50940.61021,-1
2022-03-08 23:57:00,37988.01,39362.08,37867.65,38730.63,55583.06638,2
2022-03-11 23:57:00,39422.01,40236.26,38223.6,38729.57,59018.7642,-2
2022-03-15 23:57:00,39671.37,39887.61,38098.33,39280.33,46015.54926,2
2022-03-21 23:57:00,41262.11,41544.22,40467.94,41002.25,39426.24877,-2
2022-03-22 23:57:00,41002.26,43361.0,40875.51,42364.13,59454.94294,2
2022-03-31 23:57:00,47067.99,47600.0,45200.0,45510.34,48645.12667,-2
2022-04-02 23:57:00,46283.49,47213.0,45620.0,45811.0,37073.53582,2
2022-04-03 23:57:00,45810.99,47444.11,45530.92,46407.35,33394.67794,-2
2022-04-04 23:57:00,46407.36,46890.71,45118.0,46580.51,44641.87514,2
2022-04-05 23:57:00,46580.5,47200.0,45353.81,45497.55,42192.74852,-2
2022-04-10 23:57:00,42753.96,43410.3,41868.0,42158.85,22771.09403,2
2022-04-11 23:57:00,42158.85,42414.71,39200.0,39530.45,63560.44721,-2
2022-04-13 23:57:00,40074.95,41561.31,39588.54,41147.79,41342.27254,2
2022-04-14 23:57:00,41147.78,41500.0,39551.94,39942.38,36807.01401,-2
2022-04-15 23:57:00,39942.37,40870.36,39766.4,40551.9,24026.35739,2
2022-04-17 23:57:00,40378.7,40595.67,39546.17,39678.12,19988.49259,-2
2022-04-19 23:57:00,40801.13,41760.0,40571.0,41493.18,35788.85843,2
2022-04-21 23:57:00,41358.19,42976.0,39751.0,40480.01,59316.27657,-2
2022-04-25 23:57:00,39450.12,40616.0,38200.0,40426.08,63037.12784,2
2022-04-26 23:57:00,40426.08,40797.31,37702.26,38112.65,66650.258,-2
2022-04-28 23:57:00,39235.72,40372.63,38881.43,39742.07,56086.6715,2
2022-04-29 23:57:00,39742.06,39925.25,38175.0,38596.11,51453.65715,-2
2022-05-02 23:57:00,38468.35,39167.34,38052.0,38525.16,53200.92628,2
2022-05-03 23:57:00,38525.16,38651.51,37517.8,37728.95,40316.45358,-2
2022-05-04 23:57:00,37728.95,40023.77,37670.0,39690.0,62574.61736,2
2022-05-06 11:24:00,35805.35,35820.25,35685.0,35685.01,252.05015,-1
2022-05-14 23:57:00,29287.05,30343.27,28630.0,30086.74,51095.87863,1
2022-05-17 23:57:00,29874.01,30788.37,29450.38,30444.93,56724.13307,-2
2022-05-20 23:57:00,30319.22,30777.33,28730.0,29201.01,60517.25325,2
2022-05-21 23:57:00,29201.01,29656.18,28947.28,29445.06,20987.13124,-2
2022-05-22 23:57:00,29445.07,30487.99,29255.11,30293.94,36158.98748,2
2022-05-24 23:57:00,29109.14,29845.86,28669.0,29654.58,59442.96036,-2
2022-05-25 23:57:00,29654.58,30223.74,29294.21,29542.15,59537.38659,2
2022-05-26 23:57:00,29542.14,29886.64,28019.56,29201.35,94581.65463,-2
2022-05-29 23:57:00,29031.33,29587.78,28839.21,29468.1,27567.34764,2
2022-06-01 23:57:00,31801.05,31982.97,29301.0,29805.83,103395.63382,-2
2022-06-05 23:57:00,29864.03,30189.0,29531.42,29919.21,23139.9281,2
2022-06-08 23:57:00,31125.32,31327.22,29843.88,30204.77,68542.61276,-2
2022-06-14 01:36:00,21199.58,21232.06,21090.48,21126.28,1155.50749,1
2022-06-20 23:57:00,20574.0,21090.0,19637.03,20573.89,109028.94154,1
2022-06-22 23:57:00,20723.51,20900.0,19770.51,19987.99,92133.97938,-2
2022-06-23 23:57:00,19988.0,21233.0,19890.07,21110.13,83127.08716,2
2022-06-26 23:57:00,21491.18,21888.0,20964.73,21038.07,53278.10464,-2
2022-07-04 23:57:00,19315.83,20354.01,19055.31,20236.71,74814.04601,2
2022-07-09 23:57:00,21594.75,21980.0,21322.12,21591.83,178417.84468,-2
2022-07-14 23:57:00,20234.87,20900.0,19616.07,20588.84,174809.21696,2
2022-07-22 23:57:00,23152.19,23756.49,22500.0,22684.83,171598.43966,-2
2022-07-27 23:57:00,21254.67,23112.63,21042.53,22952.45,210971.19796,2
2022-07-31 23:57:00,23644.64,24194.82,23227.31,23293.32,127743.32483,-2
2022-08-05 23:57:00,22622.41,23472.86,22586.95,23312.42,175251.69749,2
2022-08-10 23:57:00,23151.32,24226.0,22664.69,23954.05,208916.54953,-2
2022-08-11 23:57:00,23954.05,24918.54,23852.13,23934.39,249759.79557,2
2022-08-15 23:57:00,24305.25,25211.32,23773.22,24094.82,242539.54758,-2
2022-08-22 23:57:00,21516.7,21548.71,20890.18,21399.83,222222.04526,2
2022-08-25 23:57:00,21368.05,21819.88,21310.15,21559.04,169915.78301,-2
2022-08-30 23:57:00,20287.2,20576.25,19540.0,19811.66,256634.35529,2
2022-09-03 23:57:00,19950.98,20055.93,19652.72,19831.9,146639.03204,-2
2022-09-04 23:57:00,19832.45,20029.23,19583.1,20000.3,145588.77893,2
2022-09-05 23:57:00,20000.3,20057.27,19633.83,19796.84,222543.01057,-2
2022-09-08 23:57:00,19292.85,19458.25,19012.0,19319.77,262813.28273,2
2022-09-13 23:57:00,22395.44,22799.0,19860.0,20173.57,431915.03333,-2
2022-09-17 23:57:00,19803.3,20189.0,19748.08,20113.62,179350.24338,2
2022-09-19 23:57:00,19417.45,19686.2,18232.56,19537.02,380512.40306,-2
2022-09-22 23:57:00,18461.36,19550.17,18356.39,19401.63,379321.72111,2
2022-09-25 23:57:00,18921.99,19180.21,18629.2,18807.38,191191.4492,-2
2022-09-26 23:57:00,18809.13,19318.96,18680.72,19227.82,439239.21943,2
2022-10-01 23:57:00,19422.61,19484.0,19159.42,19310.95,165625.13959,-2
2022-10-03 23:57:00,19057.74,19719.1,18959.68,19629.08,293585.75212,2
2022-10-06 23:57:00,20158.26,20456.6,19853.0,19960.67,320122.1702,-2
2022-10-13 23:57:00,19155.1,19513.79,18190.0,19375.13,399756.68337,2
2022-10-15 23:57:00,19176.93,19227.68,18975.18,19069.39,113847.64232,-2
2022-10-17 23:57:00,19262.98,19676.96,19152.03,19549.86,222813.87634,2
2022-10-19 23:57:00,19327.44,19360.16,19065.97,19123.97,186137.29538,-2
2022-10-22 23:57:00,19164.37,19257.0,19112.72,19204.35,110403.90837,2
2022-10-28 23:57:00,20295.11,20750.0,20000.09,20591.84,287039.94569,-2
2022-10-29 23:57:00,20591.84,21085.0,20554.01,20809.67,254881.77755,2
2022-10-30 23:57:00,20809.68,20931.21,20515.0,20627.48,192795.60886,-2
2022-11-04 23:57:00,20207.12,21302.05,20180.96,21148.52,453694.39165,2
2022-11-07 23:57:00,20905.58,21069.77,20384.89,20591.13,386977.60337,-2
2022-11-11 23:57:00,17602.45,17695.0,16361.6,17070.31,393552.86492,2
2022-11-12 23:57:00,17069.98,17119.1,16631.39,16812.08,167819.96035,-2
2022-11-15 23:57:00,16617.72,17134.69,16527.72,16900.57,282461.84391,2
2022-11-17 23:57:00,16661.61,16751.0,16410.74,16692.56,228038.97873,-2
2022-11-18 23:57:00,16692.56,17011.0,16546.04,16700.45,214224.18184,2
2022-11-19 23:57:00,16699.43,16822.41,16553.53,16700.68,104963.15558,-2
2022-11-23 23:57:00,16227.96,16706.0,16160.2,16603.11,264927.70408,2
2022-11-26 23:57:00,16521.35,16701.99,16385.0,16458.57,181804.81666,-2
2022-11-30 23:57:00,16442.91,17249.0,16428.3,17163.64,303019.80719,2
2022-12-04 23:57:00,16885.2,17202.84,16878.25,17105.7,178619.13387,-2
2022-12-06 23:57:00,16966.35,17107.01,16906.37,17088.96,218730.76883,2
2022-12-07 23:57:00,17088.96,17142.21,16678.83,16836.64,220657.41334,-2
2022-12-08 23:57:00,16836.64,17299.0,16733.49,17224.1,236417.97804,2
2022-12-11 23:57:00,17127.49,17270.99,17071.0,17085.05,155286.47871,-2
2022-12-12 23:57:00,17085.05,17241.89,16871.85,17209.83,226227.49694,2
2022-12-15 23:57:00,17804.01,17854.82,17275.51,17356.34,223701.96882,-2
2022-12-20 23:57:00,16438.88,17061.27,16397.2,16895.56,248808.92324,2
2022-12-22 23:57:00,16824.68,16868.52,16559.85,16821.43,176044.27235,-2
2022-12-23 23:57:00,16821.9,16955.14,16731.13,16778.5,161612.00947,2
2022-12-24 23:57:00,16778.52,16869.99,16776.62,16836.12,100224.29096,-2
2022-12-25 23:57:00,16835.73,16857.96,16721.0,16832.11,125441.07202,2
2022-12-27 23:57:00,16919.39,16972.83,16592.37,16706.36,173749.58616,-2
2022-12-30 23:57:00,16633.47,16677.35,16333.0,16607.48,164916.31174,2
2022-12-31 23:57:00,16607.48,16644.09,16470.0,16542.4,114490.42864,-2
2023-01-01 23:57:00,16541.77,16628.0,16499.01,16616.75,96925.41374,2
2023-01-18 23:57:00,21132.29,21650.0,20407.15,20677.47,350916.01949,-2
2023-01-20 23:57:00,21071.59,22755.93,20861.28,22667.21,338079.13659,2
2023-01-24 23:57:00,22917.81,23162.2,22462.93,22632.89,293158.78254,-2
2023-01-26 23:57:00,23060.42,23282.47,22850.01,23009.65,288924.43581,2
2023-01-31 23:57:00,22827.38,23320.0,22714.77,23125.13,264649.34909,-2
2023-02-01 23:57:00,23125.13,23812.66,22760.23,23732.66,310790.42271,2
2023-02-03 23:57:00,23489.33,23715.7,23204.62,23431.9,332571.02904,-2
2023-02-04 23:57:00,23431.9,23587.78,23253.96,23326.84,166126.47295,2
2023-02-05 23:57:00,23327.66,23433.33,22743.0,22932.91,209251.33917,-2
2023-02-08 23:57:00,23242.42,23452.0,22665.85,22963.0,280056.30717,2
2023-02-09 23:57:00,22961.85,23011.39,21688.0,21796.35,402894.6955,-2
2023-02-13 23:57:00,21782.37,21894.99,21351.07,21773.97,295730.76791,2
2023-02-19 23:57:00,24632.05,25192.0,24192.57,24271.76,300395.99542,-2
2023-02-21 23:57:00,24843.89,25250.0,24148.34,24452.16,376000.82868,2
2023-02-22 23:57:00,24450.67,24476.05,23574.69,24182.21,379425.75365,-2
2023-02-26 23:57:00,23157.07,23689.99,23059.18,23554.85,202323.73623,2
2023-03-01 23:57:00,23141.57,24000.0,23020.03,23628.97,315287.41737,-2
2023-03-02 23:57:00,23629.76,23796.93,23195.9,23465.32,239315.45219,2
2023-03-03 23:57:00,23465.32,23476.95,21971.13,22354.34,319954.19785,-2
2023-03-12 23:57:00,20455.73,22150.0,20270.6,21997.11,430944.94288,2
2023-03-22 14:45:00,28449.45,28736.0,28444.2,28725.0,3364.85751,-1
2023-03-24 23:57:00,28295.42,28374.3,27000.0,27454.47,86242.06544,1
2023-03-25 23:57:00,27454.46,27787.33,27156.09,27462.95,50844.08102,-2
2023-03-26 23:57:00,27462.96,28194.4,27417.76,27968.05,49671.70353,2
2023-03-28 23:57:00,27124.9,27520.0,26631.78,27261.07,78602.44341,-2
2023-03-29 23:57:00,27261.06,28650.0,27240.1,28348.6,89486.16008,2
2023-04-02 23:57:00,28452.74,28530.0,27856.43,28171.87,37365.65692,-2
2023-04-05 23:57:00,28165.47,28775.0,27805.1,28170.01,60737.64732,2
2023-04-06 23:57:00,28170.01,28182.05,27711.0,28033.82,40118.94963,-2
2023-04-09 23:57:00,27938.38,28530.0,27800.0,28323.76,32531.16101,2
2023-04-15 23:57:00,30466.93,30595.6,30202.0,30295.09,25429.81247,-2
2023-04-23 23:57:00,27816.85,27816.85,27311.25,27590.6,34812.09581,2
2023-04-29 23:57:00,29311.69,29448.88,29031.0,29230.45,20466.83058,-2
2023-05-03 23:57:00,28669.85,29266.66,28113.69,29026.16,64615.79213,2
2023-05-07 23:57:00,28848.19,29138.29,28395.23,28430.1,30003.41028,-2
2023-05-15 23:57:00,26917.61,27663.59,26726.0,27162.14,40430.08333,2
2023-05-19 23:57:00,26821.28,27183.6,26630.0,26880.26,28754.13544,-2
2023-05-20 23:57:00,26880.26,27150.0,26825.11,27102.43,14434.54718,2
2023-05-21 23:57:00,27102.42,27277.55,26666.03,26747.78,21347.87279,-2
2023-05-23 23:57:00,26849.28,27495.83,26798.11,27219.61,38700.83858,2
2023-05-24 23:57:00,27219.61,27219.61,26080.5,26329.01,54393.0657,-2
2023-05-26 23:57:00,26473.8,26932.16,26327.24,26705.92,35061.18713,2
2023-05-30 23:57:00,27736.39,28038.59,27554.0,27694.4,32686.75371,-2
2023-06-03 23:57:00,27242.59,27333.29,26914.93,27069.22,16595.34117,2
2023-06-04 23:57:00,27069.22,27455.02,26951.0,27115.21,19258.41049,-2
2023-06-07 23:57:00,27230.07,27391.77,26125.01,26339.34,59619.44364,2
2023-06-08 23:57:00,26339.34,26810.0,26210.0,26498.61,31075.51083,-2
2023-06-09 23:57:00,26498.62,26783.33,26269.91,26477.81,27934.7097,2
2023-06-10 23:57:00,26477.8,26533.87,25358.0,25841.21,64944.60108,-2
2023-06-12 23:57:00,25925.54,26106.48,25602.11,25905.19,29900.50893,2
2023-06-13 23:57:00,25905.2,26433.21,25712.57,25934.25,41065.60853,-2
2023-06-16 23:57:00,25598.49,26518.0,25175.56,26345.0,51596.91662,2
2023-06-25 23:57:00,30527.44,31046.01,30277.49,30462.66,30223.44801,-2
2023-06-27 23:57:00,30267.99,30994.97,30226.17,30692.44,42699.64157,2
2023-06-28 23:57:00,30692.44,30709.74,29858.8,30077.41,40463.51937,-2
2023-06-30 23:57:00,30447.31,31282.0,29500.0,30472.0,89419.07618,2
2023-07-05 23:57:00,30766.52,30878.07,30200.0,30504.81,33215.67122,-2
2023-07-08 23:57:00,30344.7,30386.81,30044.47,30284.63,13094.59042,2
2023-07-09 23:57:00,30284.63,30445.52,30061.12,30160.71,15388.50196,-2
2023-07-10 23:57:00,30160.71,31045.78,29950.0,30411.57,41262.87652,2
2023-07-15 23:57:00,30312.0,30390.9,30200.0,30289.52,14118.55329,-2
2023-07-21 23:57:00,29800.0,30061.7,29726.34,29901.72,23881.40865,2
2023-07-22 23:57:00,29901.72,29999.0,29625.1,29794.0,14660.40467,-2
2023-07-23 23:57:00,29793.99,30350.0,29730.0,30083.75,18292.78637,2
2023-07-24 23:57:00,30083.75,30099.58,28861.9,29176.5,39628.99691,-2
2023-07-28 23:57:00,29222.78,29542.22,29123.12,29314.14,23993.61627,2
2023-07-31 23:57:00,29281.09,29530.0,29101.8,29232.25,22605.48964,-2
2023-08-01 23:57:00,29232.26,29739.25,28585.7,29705.99,44719.65162,2
2023-08-03 23:57:00,29186.0,29433.33,28968.0,29193.64,26476.91994,-2
2023-08-07 23:57:00,29088.43,29276.78,28701.03,29211.06,30966.87746,2
2023-08-10 23:57:00,29581.99,29738.0,29320.2,29455.75,23463.45373,-2
2023-08-14 23:57:00,29303.85,29695.32,29102.45,29430.93,31443.11532,2
2023-08-15 23:57:00,29430.92,29499.26,29059.6,29200.0,27503.87691,-2
2023-08-21 23:57:00,26190.0,26258.42,25812.0,26126.92,30267.24233,2
2023-08-25 23:57:00,26180.05,26314.05,25777.15,26060.01,27753.33772,-2
2023-08-28 23:57:00,26101.78,26253.99,25864.5,26120.0,22692.62655,2
2023-08-31 23:57:00,27299.99,27587.51,25655.01,25940.78,51032.80401,-2
2023-09-04 23:57:00,25971.21,26108.02,25631.21,25826.02,21777.59609,2
2023-09-05 23:57:00,25826.03,25915.49,25562.62,25792.1,21323.39337,-2
2023-09-06 23:57:00,25792.11,26040.0,25372.51,25759.95,27262.52386,2
2023-09-09 23:57:00,25910.5,25945.09,25796.64,25901.61,10980.62277,-2
2023-09-13 23:57:00,25840.1,26405.22,25764.17,26222.0,31610.82753,2
2023-09-17 23:57:00,26559.67,26623.25,26399.0,26527.51,12998.10277,-2
2023-09-18 23:57:00,26527.5,27409.0,26377.35,26762.51,43000.43256,2
2023-09-21 23:57:00,27125.01,27159.6,26377.7,26568.08,34476.82662,-2
2023-09-26 23:57:00,26304.8,26397.46,26088.34,26221.67,18495.35066,2
2023-10-03 23:57:00,27494.51,27676.52,27160.5,27426.46,28928.96555,-2
2023-10-04 23:57:00,27426.45,27839.72,27202.0,27778.57,29816.142,2
2023-10-05 23:57:00,27778.57,28120.39,27352.0,27410.39,30681.49619,-2
2023-10-07 23:57:00,27931.1,28029.67,27842.08,27956.67,13348.83825,2
2023-10-09 23:57:00,27917.06,27987.93,27260.0,27590.12,31534.74639,-2
2023-10-14 23:57:00,26862.0,26989.58,26789.0,26852.48,10417.25576,2
2023-10-24 02:24:00,34856.1,35280.0,34830.0,35199.99,1919.84658,-1
2023-10-27 23:57:00,34151.66,34245.0,33390.95,33892.02,32330.40106,-1
2023-10-29 23:57:00,34081.01,34750.11,33930.0,34525.89,20685.52176,2
2023-11-03 23:57:00,34941.58,34946.5,34120.0,34716.78,39071.20644,-2
2023-11-05 23:57:00,35062.06,35380.0,34448.0,35011.88,24528.73376,2
2023-11-06 23:57:00,35011.89,35276.33,34725.9,35046.09,22346.47086,-2
2023-11-07 23:57:00,35046.09,35888.0,34523.06,35399.12,38688.73692,2
2023-11-12 23:57:00,37129.99,37222.22,36731.1,37064.13,17687.18874,-2
2023-11-15 23:57:00,35551.2,37980.0,35360.0,37858.2,53569.13385,2
2023-11-17 23:57:00,36163.51,36800.0,35861.1,36613.92,38283.61112,-2
2023-11-18 23:57:00,36613.91,36845.49,36178.58,36568.1,17102.24186,2
2023-11-21 23:57:00,37448.79,37649.44,35735.0,35741.65,47646.54804,-2
2023-11-23 23:57:00,37408.35,37653.44,36870.0,37294.28,23827.92882,2
2023-11-27 23:57:00,37447.42,37569.23,36707.0,37242.7,30001.07376,-2
2023-11-28 23:57:00,37242.7,38377.0,36868.41,37818.87,37544.46667,2
2023-12-08 23:57:00,43273.15,44700.0,43081.1,44170.99,42900.37556,-2
2023-12-09 23:57:00,44171.0,44358.02,43584.51,43713.6,24925.97008,2
2023-12-10 23:57:00,43713.59,44049.0,43563.0,43789.51,18956.61758,-2
2023-12-13 23:57:00,41492.38,43475.2,40555.0,42869.03,45865.99773,2
2023-12-16 23:57:00,41940.29,42724.43,41605.0,42278.03,24118.85747,-2
2023-12-19 23:57:00,42657.8,43497.0,41811.1,42275.99,40927.86444,2
2023-12-23 23:57:00,43969.04,43988.68,43291.1,43702.16,16557.1293,-2
2023-12-28 23:57:00,43428.86,43787.57,42241.79,42563.76,35150.52485,2
2023-12-29 23:57:00,42563.76,43111.0,41300.0,42066.95,42597.18912,-2
2023-12-31 23:57:00,42140.29,42899.0,41965.84,42283.58,23585.91603,2
2024-01-03 23:57:00,44946.91,45500.0,40750.0,42845.23,81194.55173,-2
2024-01-05 23:57:00,44151.1,44357.46,42450.0,44145.11,48075.25327,2
2024-01-06 23:57:00,44145.12,44214.42,43397.05,43968.32,17835.06144,-2
2024-01-08 23:57:00,43929.01,47248.99,43175.0,46951.04,72814.57589,2
2024-01-12 22:21:00,42361.09,42364.0,41500.0,42060.86,2051.09192,-1
2024-01-16 23:57:00,42511.1,43578.01,42050.0,43137.95,45045.74589,1
2024-01-18 23:57:00,42776.09,42930.0,40683.28,41327.5,43907.51641,-2
2024-01-21 23:57:00,41696.05,41881.39,41500.98,41580.33,11730.16301,2
2024-01-22 23:57:00,41580.32,41689.65,39431.58,39568.02,55426.19911,-2
2024-01-25 23:57:00,40084.89,40300.24,39550.0,39961.09,31022.11853,2
2024-01-31 23:57:00,42941.1,43745.11,42276.84,42580.0,39871.13688,-2
2024-02-01 23:57:00,42580.0,43285.13,41884.28,43082.94,35231.04664,2
2024-02-04 23:57:00,43011.1,43119.04,42222.0,42582.88,17066.89404,-2
2024-02-06 23:57:00,42708.7,43399.98,42574.0,43098.95,24675.85433,2
2024-02-18 23:57:00,51642.64,52377.0,51163.28,52137.67,21992.10363,-2
2024-02-20 23:57:00,51774.74,52985.0,50760.37,52258.82,49614.47318,2
2024-02-21 23:57:00,52258.82,52366.8,50625.0,51849.39,43079.40049,-2
2024-02-25 23:57:00,51568.21,51958.55,51279.8,51728.85,18721.63159,2
2024-03-03 23:57:00,61987.28,63231.88,61320.0,63113.97,28994.90903,-2
2024-03-04 23:57:00,63113.97,68499.0,62300.0,68245.71,84835.16005,2
2024-03-05 19:54:00,61520.13,61749.99,59666.0,59952.89,2217.52671,-1
2024-03-06 23:57:00,63724.01,67641.1,62779.14,66074.04,78738.85491,-1
2024-03-07 23:57:00,66074.04,67980.0,65551.0,66823.17,53059.8869,2
2024-03-15 23:57:00,71388.94,72419.71,65600.0,69499.85,103334.03546,-2
2024-03-18 23:57:00,68393.47,68956.0,66565.2,67609.99,55691.08088,2
2024-03-19 23:57:00,67610.0,68124.11,61555.0,61937.4,101005.32487,-2
2024-03-21 23:57:00,67840.51,68240.47,64529.01,65501.27,53357.48002,2
2024-03-22 23:57:00,65501.28,66649.62,62260.0,63796.64,51482.37821,-2
2024-03-24 23:57:00,63990.02,67628.69,63772.29,67209.99,31395.78015,2
2024-03-29 23:57:00,70780.6,70916.16,69009.0,69850.54,25445.08353,-2
2024-03-31 23:57:00,69582.17,71366.0,69562.99,71280.01,19396.34433,2
2024-04-02 23:57:00,69649.81,69674.23,64550.0,65463.99,71799.82793,-2
2024-04-04 23:57:00,65963.27,69309.91,65064.52,68487.79,41510.48453,2
2024-04-10 23:57:00,69146.0,71172.08,67518.0,70631.08,42006.02377,-2
2024-04-11 23:57:00,70631.08,71305.89,69567.21,70006.23,31917.25595,2
2024-04-12 23:57:00,70006.22,71227.46,65086.86,67116.52,56072.86229,-2
2024-04-19 23:57:00,63470.09,65450.0,59600.01,63818.01,69774.30271,2
2024-04-24 23:57:00,66414.0,67070.43,63606.06,64289.59,33595.69637,-2
2024-04-29 23:57:00,63118.62,64228.35,61765.53,63866.0,28150.22947,2
2024-04-30 23:57:00,63866.0,64734.0,59191.6,60672.0,54947.65535,-2
2024-05-03 23:57:00,59060.6,63333.0,58811.32,62882.01,43628.40143,2
2024-05-07 23:57:00,63165.18,64422.41,62261.0,62312.08,25598.79472,-2
2024-05-10 23:57:00,63074.0,63469.13,60187.12,60799.99,36529.34025,2
2024-05-11 23:57:00,60799.99,61515.0,60487.09,60825.99,13374.56936,-2
2024-05-12 23:57:00,60825.99,61888.0,60610.0,61483.99,12753.13236,2
2024-05-19 23:57:00,66915.2,67700.0,65857.25,66274.01,18025.30409,-2
2024-05-20 23:57:00,66274.0,71515.56,66060.31,71446.62,50816.7011,2
2024-05-22 23:57:00,70148.34,70666.0,68842.19,69166.62,27673.18026,-2
2024-05-25 23:57:00,68549.99,69610.0,68500.0,69290.57,12130.39418,2
2024-05-27 23:57:00,68507.67,70687.56,68250.0,69436.43,23136.92737,-2
2024-05-28 23:57:00,69436.43,69591.81,67277.91,68398.39,32622.97042,2
2024-05-29 23:57:00,68398.4,68935.68,67124.65,67652.42,23159.83149,-2
2024-06-02 23:57:00,67766.84,68460.0,67257.47,67765.63,15426.32529,2
2024-06-07 23:57:00,70799.06,71997.02,68420.0,69355.6,35598.45045,-2
2024-06-10 23:57:00,69648.15,70195.94,69172.29,69540.0,17122.66941,2
2024-06-11 23:57:00,69540.0,69590.01,66051.0,67314.24,41436.01588,-2
2024-06-16 23:57:00,66228.25,66998.7,66034.5,66676.87,9392.52223,2
2024-06-18 23:57:00,66504.33,66588.23,64060.0,65175.32,42350.10244,-2
2024-06-28 23:57:00,61706.46,62225.31,60063.0,60427.84,24821.19255,2
2024-06-29 23:57:00,60427.84,61224.0,60383.77,60986.68,11509.55904,-2
2024-06-30 23:57:00,60986.68,63058.76,60712.21,62772.01,17326.30136,2
2024-07-02 23:57:00,62900.0,63288.83,61806.28,62135.47,18573.11875,-2
2024-07-09 23:57:00,56714.61,58296.0,56289.45,58050.0,27732.20788,2
2024-07-11 23:57:00,57725.85,59650.0,57050.0,57339.89,29761.05735,-2
2024-07-12 23:57:00,57339.89,58526.68,56542.47,57889.1,23652.4569,2
2024-07-18 23:57:00,64087.99,65133.3,63238.48,63987.92,22568.7225,-2
2024-07-19 23:57:00,63987.92,67386.0,63300.67,66660.0,35634.72739,2
2024-07-23 23:57:00,67532.0,67750.98,65441.08,65936.01,31406.15316,-2
2024-07-26 23:57:00,65799.95,68200.0,65722.63,67907.99,24244.36023,2
2024-07-29 23:57:00,68249.88,70079.99,66428.0,66784.69,36467.29633,-2
2024-08-07 23:57:00,56022.0,57736.05,54558.62,55134.16,44269.37684,2
2024-08-11 23:57:00,60923.51,61858.0,58286.73,58712.59,19189.84512,-2
2024-08-14 23:57:00,60587.16,61800.0,58433.18,58683.39,28422.76326,2
2024-08-15 23:57:00,58683.39,59849.38,56078.54,57541.06,37686.17622,-2
2024-08-16 23:57:00,57541.05,59817.76,57098.62,58874.6,27610.84344,2
2024-08-19 23:57:00,58427.35,59617.63,57787.3,59438.5,22809.31251,-2
2024-08-20 23:57:00,59438.5,61400.0,58548.23,59013.8,31477.44548,2
2024-08-26 23:57:00,64219.99,64481.0,62800.0,62834.0,19470.05276,-2
2024-08-31 23:57:00,59123.99,59462.38,58744.0,58973.99,8798.409,2
2024-09-01 23:57:00,58974.0,59076.59,57201.0,57301.86,20705.15741,-2
2024-09-03 23:57:00,59132.12,59809.65,57415.0,57487.73,22828.18447,2
2024-09-04 23:57:00,57487.74,58519.0,55606.0,57970.9,35560.82146,-2
2024-09-09 23:57:00,54869.95,58088.0,54591.96,57042.0,32384.51737,2
2024-09-15 23:57:00,59993.02,60395.8,58691.05,59132.0,13757.92361,-2
2024-09-18 23:57:00,60313.99,61786.24,59174.8,61759.99,36087.02469,2
2024-09-23 23:57:00,63578.76,64745.88,62538.75,63339.99,24078.05287,-2
2024-09-24 23:57:00,63339.99,64688.0,62700.0,64262.7,23185.04759,2
2024-09-29 23:57:00,65602.01,65618.8,62856.3,63327.59,30011.08752,-1
