date_time,executed_price,capital,signal,order_status,order_type,profit_loss%,stop_loss
2018-01-07 23:57:00,16150.03,1000.0,-1,SHORT,Market,0.0,17765.033
2018-01-13 23:57:00,14210.0,1118.6254734511328,2,LONG,Market,0.12012547345113295,12789.0
2018-01-14 12:12:00,12704.7,998.4488072194227,-1,Squared_Off,SL,-0.1059324419422941,0.0
2018-01-15 23:57:00,13539.93,998.4488072194227,-1,SHORT,Market,0.0,14893.923
2018-01-16 22:18:00,9400.0,1302.2339656385875,1,Squared_Off,TP,0.3057571198669417,0.0
2018-01-19 23:57:00,11474.98,1302.2339656385875,1,LONG,Market,0.0,10327.482
2018-01-22 15:48:00,10239.88,1160.1157367591686,-1,Squared_Off,SL,-0.10763417452579442,0.0
2018-01-25 23:57:00,11175.27,1160.1157367591686,1,LONG,Market,0.0,10057.743
2018-01-29 23:57:00,11251.0,1166.2371687120853,-2,SHORT,Market,0.0067765700515512875,12376.1
2018-02-05 08:12:00,7827.23,1519.3831850256227,1,Squared_Off,TP,0.304308061505644,0.0
2018-02-07 23:57:00,7599.0,1519.3831850256227,1,LONG,Market,0.0,6839.1
2018-02-11 23:57:00,8063.88,1610.0546109790635,-2,SHORT,Market,0.06117647058823531,8870.268
2018-02-12 20:36:00,8888.0,1443.093652139815,1,Squared_Off,SL,-0.10219894145250176,0.0
2018-02-19 23:57:00,11153.0,1443.093652139815,-1,SHORT,Market,0.0,12268.3
2018-02-20 23:57:00,11200.99,1434.7195555183084,2,LONG,Market,-0.00430287814937683,10080.891
2018-02-21 23:57:00,10437.6,1334.785890674543,-2,SHORT,Market,-0.06815379711971883,11481.36
2018-02-26 23:57:00,10324.0,1347.3111584910785,2,LONG,Market,0.010883728060090476,9291.6
2018-03-06 23:57:00,10716.48,1396.5099402504918,-2,SHORT,Market,0.03801627276249511,11788.127999999999
2018-03-11 23:57:00,9533.57,1548.5651922693419,2,LONG,Market,0.11038232703275702,8580.213
2018-03-13 23:57:00,9150.0,1483.937966289059,-2,SHORT,Market,-0.040233616578049955,10065.0
2018-03-19 23:57:00,8600.0,1570.910516329678,2,LONG,Market,0.060109289617486336,7740.0
2018-03-22 23:57:00,8722.9,1591.003557817616,-2,SHORT,Market,0.014290697674418562,9595.189999999999
2018-04-02 23:57:00,7056.0,1892.6494076066142,2,LONG,Market,0.19109470474268875,6350.4
2018-04-05 23:57:00,6770.76,1813.299759313556,-2,SHORT,Market,-0.04042517006802718,7447.836
2018-04-08 23:57:00,7018.0,1744.3656428022282,2,LONG,Market,-0.03651584164850028,6316.2
2018-04-10 23:57:00,6843.9,1698.4755037977186,-2,SHORT,Market,-0.02480763750356232,7528.29
2018-04-11 23:57:00,6953.79,1668.6559903824154,2,LONG,Market,-0.016056634375137033,6258.411
2018-04-17 23:57:00,7885.02,1889.6142437830467,-2,SHORT,Market,0.13391689999266593,8673.522
2018-04-19 23:57:00,8278.0,1792.6037004136408,2,LONG,Market,-0.04983880827188765,7450.2
2018-04-26 23:57:00,9266.0,2003.866529099391,-2,SHORT,Market,0.11935250060401063,10192.6
2018-04-27 23:57:00,8915.35,2076.692350116092,2,LONG,Market,0.03784265055039927,8023.8150000000005
2018-04-28 23:57:00,9348.0,2174.3564111526543,-2,SHORT,Market,0.04852866124156647,10282.8
2018-04-29 23:57:00,9419.0,2154.580188346811,2,LONG,Market,-0.007595207531022679,8477.1
2018-05-01 23:57:00,9071.48,2071.8537106692083,-2,SHORT,Market,-0.03689563647945646,9978.627999999999
2018-05-03 23:57:00,9750.0,1913.7773715258531,2,LONG,Market,-0.07479705626865743,8775.0
2018-05-07 23:57:00,9365.0,1835.3370349006204,-2,SHORT,Market,-0.03948717948717949,10301.5
2018-05-13 23:57:00,8679.71,1966.8860172443772,2,LONG,Market,0.07317565403096646,7811.739
2018-05-16 23:57:00,8330.0,1884.6888344537501,-2,SHORT,Market,-0.04029051661864269,9163.0
2018-05-19 23:57:00,8233.49,1903.697493808688,2,LONG,Market,0.01158583433373352,7410.141
2018-05-22 23:57:00,7977.11,1841.563322894517,-2,SHORT,Market,-0.03113867873769205,8774.821
2018-05-30 23:57:00,7375.96,1977.5800334275289,2,LONG,Market,0.07535937200314395,6638.364
2018-06-05 23:57:00,7625.0,2041.3841626106796,-2,SHORT,Market,0.03376374058427648,8387.5
2018-06-06 23:57:00,7658.84,2029.2623565224692,2,LONG,Market,-0.004438032786885265,6892.956
2018-06-07 23:57:00,7691.08,2034.7606728228936,-2,SHORT,Market,0.004209514756803874,8460.188
2018-06-08 23:57:00,7603.44,2054.8946676185396,2,LONG,Market,0.011395018644975781,6843.096
2018-06-09 23:57:00,7491.73,2021.6217430229617,-2,SHORT,Market,-0.014692034131919243,8240.903
2018-06-15 23:57:00,6388.9,2316.184806623322,2,LONG,Market,0.14720631950163715,5750.009999999999
2018-06-16 23:57:00,6483.98,2347.180133165793,-2,SHORT,Market,0.014882061074676382,7132.378
2018-06-17 23:57:00,6449.61,2356.101193628216,2,LONG,Market,0.0053007566340426545,5804.648999999999
2018-06-21 23:57:00,6718.84,2450.91920954412,-2,SHORT,Market,0.04174360930350835,7390.724
2018-06-26 23:57:00,6070.78,2683.644159372421,2,LONG,Market,0.0964541498234815,5463.701999999999
2018-06-27 23:57:00,6133.73,2707.4463198687235,-2,SHORT,Market,0.010369342983932842,6747.102999999999
2018-06-30 23:57:00,6390.07,2590.235926403654,2,LONG,Market,-0.04179186237411822,5751.063
2018-07-04 23:57:00,6586.98,2666.168689728436,-2,SHORT,Market,0.03081499889672568,7245.678
2018-07-05 23:57:00,6529.2,2685.5566683071943,2,LONG,Market,0.008771849922119051,5876.28
2018-07-06 23:57:00,6609.78,2714.6720808285027,-2,SHORT,Market,0.012341481345340919,7270.758
2018-07-07 23:57:00,6756.98,2650.1442435725603,2,LONG,Market,-0.022270030167418554,6081.281999999999
2018-07-09 23:57:00,6662.12,2608.964139380792,-2,SHORT,Market,-0.014038816157514108,7328.332
2018-07-14 23:57:00,6251.99,2765.662399728229,2,LONG,Market,0.061561484932724134,5626.790999999999
2018-07-21 23:57:00,7398.78,3268.8138191778157,-2,SHORT,Market,0.18342799652590616,8138.657999999999
2018-07-23 23:57:00,7721.01,3121.547955289816,2,LONG,Market,-0.04355177475205378,6948.909
2018-07-26 23:57:00,7920.0,3197.31583710265,-2,SHORT,Market,0.025772534940376943,8712.0
2018-07-28 23:57:00,8225.04,3069.374759439194,2,LONG,Market,-0.03851515151515163,7402.536000000001
2018-07-31 23:57:00,7730.93,2880.381470939251,-2,SHORT,Market,-0.06007387198116976,8504.023000000001
2018-08-12 23:57:00,6308.33,3406.0916557773603,2,LONG,Market,0.1840140836872149,5677.496999999999
2018-08-14 23:57:00,6188.08,3336.055267879206,-2,SHORT,Market,-0.019062097258703968,6806.888
2018-08-15 23:57:00,6267.16,3288.4183730900345,2,LONG,Market,-0.012779408152447921,5640.4439999999995
2018-08-19 23:57:00,6477.53,3393.8682111363437,-2,SHORT,Market,0.033567038339534956,7125.282999999999
2018-08-22 23:57:00,6360.89,3449.89033120625,2,LONG,Market,0.018006863727377476,5724.801
2018-08-30 23:57:00,6984.84,3783.1208245480366,-2,SHORT,Market,0.09809161925453824,7683.3240000000005
2018-09-01 23:57:00,7200.01,3660.9060210152134,2,LONG,Market,-0.030805286878439603,6480.009
2018-09-05 23:57:00,6700.0,3401.1803457024885,-2,SHORT,Market,-0.06944573688092102,7370.0
2018-09-10 23:57:00,6312.0,3593.042451920139,2,LONG,Market,0.05791044776119403,5680.8
2018-09-17 23:57:00,6248.69,3551.614308135943,-2,SHORT,Market,-0.0100301013941699,6873.558999999999
2018-09-19 23:57:00,6391.89,3464.895239956576,2,LONG,Market,-0.02291680336198479,5752.701
2018-09-24 23:57:00,6581.39,3562.4214495939104,-2,SHORT,Market,0.02964694323588172,7239.529
2018-09-27 23:57:00,6689.13,3498.75954620641,2,LONG,Market,-0.016370401997146466,6020.217000000001
2018-10-01 23:57:00,6611.61,3452.964453842097,-2,SHORT,Market,-0.011588951029506144,7272.771
2018-10-05 23:57:00,6635.65,3435.229931246335,2,LONG,Market,-0.003636028138380813,5972.084999999999
2018-10-10 23:57:00,6631.0,3427.669813636123,-2,SHORT,Market,-0.0007007602872363125,7294.1
2018-10-14 23:57:00,6339.34,3573.2920214545184,2,LONG,Market,0.04398431609108729,5705.406
2018-10-18 23:57:00,6618.96,3725.5453231348483,-2,SHORT,Market,0.04410869270302585,7280.856
2018-10-21 23:57:00,6590.11,3736.1955052426742,2,LONG,Market,0.0043586907913026164,5931.099
2018-10-22 23:57:00,6581.2,3725.539778556277,-2,SHORT,Market,-0.0013520259904614422,7239.32
2018-10-23 23:57:00,6553.51,3735.6264516375186,2,LONG,Market,0.004207439372758707,5898.159
2018-10-24 23:57:00,6565.5,3736.8575420294655,-2,SHORT,Market,0.001829553933693514,7222.05
2018-11-01 23:57:00,6410.0,3819.7575253509626,2,LONG,Market,0.02368441093595309,5769.0
2018-11-09 23:57:00,6419.99,3819.9809901047856,-2,SHORT,Market,0.0015585023400935696,7061.989
2018-11-12 23:57:00,6453.07,3794.567970647176,2,LONG,Market,-0.0051526560010217975,5807.763
2018-11-14 19:30:00,5779.37,3392.7235212724568,-1,Squared_Off,SL,-0.10439992127777939,0.0
2018-11-28 23:57:00,4264.85,3392.7235212724568,1,LONG,Market,0.0,3838.3650000000002
2018-11-30 23:57:00,4041.32,3209.814468416065,-2,SHORT,Market,-0.052412159864942534,4445.452
2018-12-09 23:57:00,3545.37,3598.907550503032,2,LONG,Market,0.12271980442033797,3190.8329999999996
2018-12-11 23:57:00,3380.39,3426.037876540799,-2,SHORT,Market,-0.04653393016807837,3718.429
2018-12-12 23:57:00,3445.0,3355.416343679348,2,LONG,Market,-0.019113179248548284,3100.5
2018-12-13 23:57:00,3302.06,3211.160225792123,-2,SHORT,Market,-0.041492017416545734,3632.266
2018-12-17 23:57:00,3509.08,3005.022373800865,2,LONG,Market,-0.06269419695583968,3158.172
2018-12-22 23:57:00,3948.91,3377.1659826104815,-2,SHORT,Market,0.1253405451001402,4343.8009999999995
2018-12-23 23:57:00,3929.71,3388.520356370718,2,LONG,Market,0.004862101187416228,3536.739
2018-12-24 23:57:00,4008.01,3450.954299437605,-2,SHORT,Market,0.019925134424677693,4408.811000000001
2018-12-29 23:57:00,3695.32,3715.0084587033284,2,LONG,Market,0.07801627241449,3325.788
2019-01-04 23:57:00,3792.01,3806.6411049384583,-2,SHORT,Market,0.026165528289836888,4171.211
2019-01-05 23:57:00,3770.96,3822.0623626762936,2,LONG,Market,0.005551145698455484,3393.864
2019-01-09 23:57:00,3966.65,4014.671172454543,-2,SHORT,Market,0.05189394742983221,4363.3150000000005
2019-01-14 23:57:00,3626.09,4353.332062974703,2,LONG,Market,0.08585582292362572,3263.481
2019-01-18 23:57:00,3594.87,4309.320638052426,-2,SHORT,Market,-0.00860982490782089,3954.357
2019-01-19 23:57:00,3665.3,4218.429277930583,2,LONG,Market,-0.01959180721416916,3298.77
2019-01-20 23:57:00,3539.28,4067.0639951833564,-2,SHORT,Market,-0.034381905983139165,3893.208
2019-01-23 23:57:00,3552.82,4045.4042892883463,2,LONG,Market,-0.003825636852693193,3197.538
2019-01-24 23:57:00,3569.62,4058.4654356902015,-2,SHORT,Market,0.004728638095934983,3926.582
2019-01-25 23:57:00,3565.29,4057.300714026191,2,LONG,Market,0.0012130142704265237,3208.761
2019-01-26 23:57:00,3565.25,4051.1692429473655,-2,SHORT,Market,-1.1219283704821661e-05,3921.775
2019-01-27 23:57:00,3550.84,4061.4664737378416,2,LONG,Market,0.004041792300680136,3195.7560000000003
2019-01-28 23:57:00,3434.15,3921.9037366838265,-2,SHORT,Market,-0.03286264658503341,3777.565
2019-01-31 23:57:00,3434.1,3916.077982599362,2,LONG,Market,1.4559643579978131e-05,3090.69
2019-02-04 23:57:00,3463.22,3943.4108749884085,-2,SHORT,Market,0.00847965988177394,3809.542
2019-02-05 23:57:00,3471.59,3927.9652209036635,2,LONG,Market,-0.0024168259596561424,3124.431
2019-02-06 23:57:00,3405.37,3847.1479918817754,-2,SHORT,Market,-0.019074833145619228,3745.907
2019-02-08 23:57:00,3659.04,3554.7987098253993,2,LONG,Market,-0.07449117129709842,3293.136
2019-02-12 23:57:00,3631.46,3522.672230086511,-2,SHORT,Market,-0.007537496173859791,3994.606
2019-02-16 23:57:00,3618.41,3530.0472824504704,2,LONG,Market,0.0035935959641577165,3256.569
2019-02-22 23:57:00,3962.0,3859.951634968903,-2,SHORT,Market,0.09495607186581956,4358.2
2019-02-23 23:57:00,4117.76,3702.4135836742594,2,LONG,Market,-0.03931347804139329,3705.9840000000004
2019-02-24 23:57:00,3743.56,3360.404423633758,-2,SHORT,Market,-0.09087465029530625,4117.916
2019-02-28 23:57:00,3813.69,3292.4116639062145,2,LONG,Market,-0.018733505005930212,3432.321
2019-03-02 23:57:00,3819.93,3292.8601252717135,-2,SHORT,Market,0.0016362105991834107,4201.923
2019-03-03 23:57:00,3807.75,3298.4202516505516,2,LONG,Market,0.0031885401041379913,3426.975
2019-03-04 23:57:00,3715.3,3213.3888573008894,-2,SHORT,Market,-0.024279430109644756,4086.8300000000004
2019-03-05 23:57:00,3857.73,3085.3800745975655,2,LONG,Market,-0.038336069765563974,3471.957
2019-03-11 23:57:00,3871.61,3091.853111985524,-2,SHORT,Market,0.0035979708274037087,4258.771000000001
2019-03-15 23:57:00,3923.76,3045.568539435503,2,LONG,Market,-0.013469848460976206,3531.384
2019-03-21 23:57:00,3980.64,3085.1496602238917,-2,SHORT,Market,0.014496299467857273,4378.704
2019-03-24 23:57:00,3992.18,3071.5779902677555,2,LONG,Market,-0.002899031311547883,3592.962
2019-03-25 23:57:00,3936.12,3023.8381337316796,-2,SHORT,Market,-0.014042452995606398,4329.732
2019-03-27 23:57:00,4038.05,2940.9968825493766,2,LONG,Market,-0.025896060079469197,3634.245
2019-04-03 21:00:00,5269.18,3833.243301816262,-1,Squared_Off,TP,0.30488230705414743,0.0
2019-04-11 23:57:00,5017.37,3833.243301816262,-1,SHORT,Market,0.0,5519.107
2019-04-14 23:57:00,5131.3,3740.4515385431173,2,LONG,Market,-0.02270711548081969,4618.17
2019-04-21 23:57:00,5256.14,3825.842745761977,-2,SHORT,Market,0.024329117377662607,5781.754000000001
2019-04-22 23:57:00,5357.14,3746.588033186489,2,LONG,Market,-0.01921562211052217,4821.426
2019-04-25 23:57:00,5219.9,3644.98750816779,-2,SHORT,Market,-0.025618146996345192,5741.889999999999
2019-04-29 23:57:00,5238.14,3626.783274831939,2,LONG,Market,-0.003494319814555967,4714.326
2019-04-30 23:57:00,5320.81,3678.582152967215,-2,SHORT,Market,0.015782319678359125,5852.8910000000005
2019-05-01 23:57:00,5383.2,3629.930482341574,2,LONG,Market,-0.011725658311422398,4844.88
2019-05-06 23:57:00,5747.79,3870.331246180574,-2,SHORT,Market,0.06772737405260815,6322.5689999999995
2019-05-08 23:57:00,5987.29,3703.256055488069,2,LONG,Market,-0.04166818899089911,5388.561
2019-05-13 15:12:00,7791.28,4813.504296281019,-1,Squared_Off,TP,0.30130326074066893,0.0
2019-05-17 23:57:00,7355.26,4813.504296281019,-1,SHORT,Market,0.0,8090.786
2019-05-19 22:33:00,8100.0,4318.903690316346,1,Squared_Off,SL,-0.10125270894570684,0.0
2019-05-22 23:57:00,7628.43,4318.903690316346,-1,SHORT,Market,0.0,8391.273000000001
2019-05-24 23:57:00,7964.87,4121.946827726336,2,LONG,Market,-0.04410343937087967,7168.383
2019-05-30 23:57:00,8269.54,4273.435475257151,-2,SHORT,Market,0.03825172287808853,9096.494
2019-06-01 23:57:00,8544.07,4125.156942300973,2,LONG,Market,-0.03319773530329363,7689.663
2019-06-03 23:57:00,8115.82,3912.2060997804415,-2,SHORT,Market,-0.0501224826107464,8927.402
2019-06-07 23:57:00,7980.53,3971.553919529551,2,LONG,Market,0.01666991135831006,7182.477
2019-06-09 23:57:00,7628.13,3790.2228225918357,-2,SHORT,Market,-0.044157468238324976,8390.943
2019-06-10 23:57:00,7982.75,3608.3358744175043,2,LONG,Market,-0.04648845785271094,7184.475
2019-06-19 23:57:00,9255.49,4178.223035609309,-2,SHORT,Market,0.15943628448842814,10181.039
2019-06-20 23:57:00,9517.12,4053.84758438066,2,LONG,Market,-0.028267547153095193,8565.408000000001
2019-06-26 04:42:00,12406.49,5278.503169683625,-1,Squared_Off,TP,0.30359709660065215,0.0
2019-06-28 23:57:00,12400.63,5278.503169683625,-1,SHORT,Market,0.0,13640.693
2019-06-29 23:57:00,11903.13,5482.353311150308,2,LONG,Market,0.04011892944148806,10712.817
2019-06-30 23:57:00,10854.1,4990.966689291282,-2,SHORT,Market,-0.08813060094277714,11939.51
2019-07-03 23:45:00,11952.0,4478.64037891214,1,Squared_Off,SL,-0.10115071724048973,0.0
2019-07-05 23:57:00,10970.73,4478.64037891214,-1,SHORT,Market,0.0,12067.803
2019-07-06 23:57:00,11256.49,4355.265069682567,2,LONG,Market,-0.026047491825976963,10130.841
2019-07-11 23:57:00,11342.89,4382.1613229075265,-2,SHORT,Market,0.007675572047769743,12477.179
2019-07-18 23:57:00,10627.16,4652.100003691049,2,LONG,Market,0.06309943938449546,9564.444
2019-07-22 23:57:00,10340.31,4519.5516273918665,-2,SHORT,Market,-0.02699215971153162,11374.341
2019-07-26 23:57:00,9824.0,4738.441520770918,2,LONG,Market,0.049931771871442876,8841.6
2019-07-27 23:57:00,9476.52,4563.732712354025,-2,SHORT,Market,-0.03537052117263839,10424.172
2019-07-30 23:57:00,9574.21,4509.841251653814,2,LONG,Market,-0.01030863650369531,8616.788999999999
2019-08-09 23:57:00,11879.99,5589.192395029961,-2,SHORT,Market,0.24083240288232668,13067.989
2019-08-17 23:57:00,10216.02,6363.658463176184,2,LONG,Market,0.14006493271458978,9194.418
2019-08-21 23:57:00,10142.57,6308.360254351244,-2,SHORT,Market,-0.007189688352215513,11156.827
2019-08-26 23:57:00,10372.25,6156.043961595378,2,LONG,Market,-0.022645148123207462,9335.025
2019-08-28 23:57:00,9721.0,5760.2858888088585,-2,SHORT,Market,-0.06278772686736243,10693.1
2019-09-01 23:57:00,9724.98,5749.287067028679,2,LONG,Market,-0.00040942289887867126,8752.482
2019-09-06 23:57:00,10298.73,6079.856991295468,-2,SHORT,Market,0.05899755063763627,11328.603
2019-09-08 23:57:00,10381.18,6022.062834412021,2,LONG,Market,-0.008005841496961347,9343.062
2019-09-09 23:57:00,10303.12,5967.747582943767,-2,SHORT,Market,-0.007519376410003438,11333.432
2019-09-12 23:57:00,10415.01,5893.987313601011,2,LONG,Market,-0.010859817220414729,9373.509
2019-09-16 23:57:00,10251.31,5792.506409746571,-2,SHORT,Market,-0.01571769974296719,11276.440999999999
2019-09-20 23:57:00,10168.59,5830.558615941612,2,LONG,Market,0.008069212617704406,9151.731
2019-09-21 23:57:00,9986.39,5717.341284937089,-2,SHORT,Market,-0.017917921757097173,10985.028999999999
2019-09-28 23:57:00,8198.81,6732.178632004059,2,LONG,Market,0.17900162120646199,7378.928999999999
2019-10-02 23:57:00,8359.94,6854.386874753925,-2,SHORT,Market,0.019652852060238136,9195.934000000001
2019-10-03 23:57:00,8223.96,6955.596468688146,2,LONG,Market,0.016265666978471302,7401.563999999999
2019-10-04 23:57:00,8137.13,6871.72467674386,-2,SHORT,Market,-0.010558173921079264,8950.843
2019-10-08 23:57:00,8168.39,6835.018333239046,2,LONG,Market,-0.003841649328448755,7351.551
2019-10-11 23:57:00,8258.5,6900.1666499702005,-2,SHORT,Market,0.011031549668906562,9084.35
2019-10-15 23:57:00,8159.29,6972.708636278292,2,LONG,Market,0.012013077435369623,7343.361
2019-10-16 23:57:00,7991.74,6819.065873270509,-2,SHORT,Market,-0.020534874970738897,8790.914
2019-10-20 23:57:00,8223.35,6611.212746271724,2,LONG,Market,-0.028981173061185746,7401.015
2019-10-22 23:57:00,8020.0,6437.8114455293335,-2,SHORT,Market,-0.024728364960752047,8822.0
2019-10-25 23:57:00,8655.02,5918.4117078947,2,LONG,Market,-0.07917955112219457,7789.518
2019-10-29 23:57:00,9407.62,6424.171451235728,-2,SHORT,Market,0.08695531610556652,10348.382000000001
2019-11-02 23:57:00,9289.52,6495.182015294314,2,LONG,Market,0.012553653315078666,8360.568000000001
2019-11-07 23:57:00,9216.2,6434.174295819739,-2,SHORT,Market,-0.00789276518054751,10137.820000000002
2019-11-10 23:57:00,9039.47,6547.904864555501,2,LONG,Market,0.019176016145483102,8135.522999999999
2019-11-12 23:57:00,8821.94,6380.511186655607,-2,SHORT,Market,-0.024064463956404398,9704.134
2019-11-13 23:57:00,8777.12,6403.356703752628,2,LONG,Market,0.005080515170132614,7899.408
2019-11-14 23:57:00,8646.68,6298.589035801756,-2,SHORT,Market,-0.014861366826476168,9511.348
2019-11-26 23:57:00,7156.14,7374.910360941326,2,LONG,Market,0.17238292616356798,6440.526
2019-12-01 23:57:00,7390.89,7605.774537813977,-2,SHORT,Market,0.032803997685903294,8129.979
2019-12-05 23:57:00,7389.0,7596.310826328052,2,LONG,Market,0.00025572021772754397,6650.1
2019-12-09 23:57:00,7338.64,7533.143425562388,-2,SHORT,Market,-0.0068155366084720085,8072.504000000001
2019-12-14 23:57:00,7064.05,7803.711447937423,2,LONG,Market,0.037417014596710034,6357.645
2019-12-15 23:57:00,7118.59,7852.256646596805,-2,SHORT,Market,0.0077207834032884766,7830.4490000000005
2019-12-18 23:57:00,7277.83,7664.82643332888,2,LONG,Market,-0.022369598473855043,6550.047
2019-12-24 23:57:00,7255.77,7630.096159777403,-2,SHORT,Market,-0.0030311232881229007,7981.347000000001
2019-12-28 23:57:00,7316.14,7555.166519038295,2,LONG,Market,-0.00832027476063876,6584.526
2019-12-31 23:57:00,7195.23,7418.973503625547,-2,SHORT,Market,-0.016526474343027984,7914.753
2020-01-04 23:57:00,7354.11,7244.024496944764,2,LONG,Market,-0.022081295524951965,6618.699
2020-01-09 23:57:00,7817.76,7689.867967945144,-2,SHORT,Market,0.06304637814772972,8599.536
2020-01-11 23:57:00,8020.01,7479.391807277059,2,LONG,Market,-0.0258705818546489,7218.009
2020-01-12 23:57:00,8184.98,7622.02231157993,-2,SHORT,Market,0.020569799788279483,9003.478
2020-01-13 23:57:00,8110.34,7680.095586660207,2,LONG,Market,0.0091191426246612,7299.3060000000005
2020-01-19 23:57:00,8701.7,8228.56446052578,-2,SHORT,Market,0.07291432911567217,9571.87
2020-01-22 23:57:00,8682.36,8234.510044448156,2,LONG,Market,0.002222554213544496,7814.124000000001
2020-01-23 23:57:00,8404.52,7958.6497090446765,-2,SHORT,Market,-0.0320005159887404,9244.972
2020-01-26 23:57:00,8615.0,7747.397961563713,2,LONG,Market,-0.025043666979196855,7753.5
2020-02-01 23:57:00,9384.61,8427.880746826713,-2,SHORT,Market,0.0893337202553686,10323.071
2020-02-05 23:57:00,9612.04,8210.994645096964,2,LONG,Market,-0.024234358167254715,8650.836000000001
2020-02-11 23:57:00,10223.08,8720.653318436584,-2,SHORT,Market,0.06357027228351099,11245.387999999999
2020-02-12 23:57:00,10326.46,8619.385496522842,2,LONG,Market,-0.010112412306271613,9293.813999999998
2020-02-15 23:57:00,9904.72,8254.434559935165,-2,SHORT,Market,-0.040840714049151385,10895.192
2020-02-18 23:57:00,10164.71,8025.381418014013,2,LONG,Market,-0.026249101438506065,9148.239
2020-02-20 23:57:00,9596.42,7564.659221495526,-2,SHORT,Market,-0.055908137074249936,10556.062
2020-02-22 23:57:00,9650.86,7510.398307676859,2,LONG,Market,-0.00567294887051635,8685.774000000001
2020-02-25 23:57:00,9315.84,7238.416707596105,-2,SHORT,Market,-0.034714004762269934,10247.424
2020-03-02 23:57:00,8915.24,7538.8256707396395,2,LONG,Market,0.04300202665567467,8023.715999999999
2020-03-07 23:57:00,8886.66,7503.349867740623,-2,SHORT,Market,-0.0032057465643100945,9775.326
2020-03-12 10:45:00,5600.0,10267.14867377179,1,Squared_Off,TP,0.3698419878784605,0.0
2020-03-16 23:57:00,5028.97,10267.14867377179,1,LONG,Market,0.0,4526.073
2020-03-20 08:15:00,6546.9,13350.75490176271,-1,Squared_Off,TP,0.3018371555209117,0.0
2020-03-22 23:57:00,5816.19,13350.75490176271,-1,SHORT,Market,0.0,6397.808999999999
2020-03-23 13:03:00,6478.65,11810.087061999935,1,Squared_Off,SL,-0.11389930521526981,0.0
2020-03-27 23:57:00,6359.11,11810.087061999935,-1,SHORT,Market,0.0,6995.021
2020-03-31 23:57:00,6410.44,11697.042275387073,2,LONG,Market,-0.008071884273113679,5769.396
2020-04-04 23:57:00,6856.99,12494.310395289662,-2,SHORT,Market,0.06965980494318647,7542.689
2020-04-05 23:57:00,6772.78,12629.010290758555,2,LONG,Market,0.012280898761701568,6095.5019999999995
2020-04-10 23:57:00,6858.92,12770.689584042904,-2,SHORT,Market,0.012718558701153786,7544.812
2020-04-12 23:57:00,6903.79,12667.989662052461,2,LONG,Market,-0.006541846238183255,6213.411
2020-04-13 23:57:00,6837.91,12528.1023147462,-2,SHORT,Market,-0.009542584580353706,7521.701
2020-04-14 23:57:00,6868.7,12452.898147914584,2,LONG,Market,-0.004502837855426579,6181.83
2020-04-15 23:57:00,6621.24,11985.575800462255,-2,SHORT,Market,-0.03602719583036092,7283.364
2020-04-16 23:57:00,7101.94,11097.448297433852,2,LONG,Market,-0.07259969431707654,6391.745999999999
2020-04-20 23:57:00,6826.83,10650.916910369297,-2,SHORT,Market,-0.038737302765159895,7509.513
2020-04-22 23:57:00,7125.14,10169.530524276617,2,LONG,Market,-0.04369670842836286,6412.626
2020-04-30 03:54:00,9287.17,13240.086483362636,-1,Squared_Off,TP,0.30343684474971716,0.0
2020-05-04 23:57:00,8871.96,13240.086483362636,-1,SHORT,Market,0.0,9759.155999999999
2020-05-05 23:57:00,9021.83,12996.567572346697,2,LONG,Market,-0.016892546855486367,8119.647
2020-05-09 23:57:00,9539.4,13722.667958142887,-2,SHORT,Market,0.05736862698587756,10493.34
2020-05-13 23:57:00,9309.37,14032.987924003606,2,LONG,Market,0.024113675912531066,8378.433
2020-05-16 23:57:00,9381.27,14120.320838749794,-2,SHORT,Market,0.0077234012613098015,10319.397
2020-05-17 23:57:00,9680.04,13649.443434048118,2,LONG,Market,-0.03184750039173805,8712.036
2020-05-20 23:57:00,9511.43,13391.218943752227,-2,SHORT,Market,-0.017418316453237857,10462.573
2020-05-26 23:57:00,8841.18,14314.782491468257,2,LONG,Market,0.07046784763174412,7957.062
2020-06-03 23:57:00,9666.24,15629.167572352135,-2,SHORT,Market,0.09332012242709678,10632.864
2020-06-04 23:57:00,9789.06,15407.138397784965,2,LONG,Market,-0.012706078061376472,8810.153999999999
2020-06-06 23:57:00,9666.3,15190.814009843894,-2,SHORT,Market,-0.012540529938523231,10632.929999999998
2020-06-07 23:57:00,9746.99,15041.221587650363,2,LONG,Market,-0.008347558010821153,8772.291
2020-06-08 23:57:00,9782.01,15072.701421465274,-2,SHORT,Market,0.003592904065768041,10760.211
2020-06-09 23:57:00,9772.43,15064.85380176032,2,LONG,Market,0.0009793488250369737,8795.187
2020-06-10 23:57:00,9885.0,15215.79069755873,-2,SHORT,Market,0.011519141093873244,10873.5
2020-06-13 23:57:00,9473.34,15826.627345205565,2,LONG,Market,0.04164491654021243,8526.006
2020-06-14 23:57:00,9342.1,15583.63141075938,-2,SHORT,Market,-0.013853614459103101,10276.310000000001
2020-06-16 23:57:00,9525.59,15254.174833323481,2,LONG,Market,-0.019641194164053025,8573.031
2020-06-17 23:57:00,9465.14,15134.4896073637,-2,SHORT,Market,-0.006346063603409419,10411.653999999999
2020-06-18 23:57:00,9386.32,15237.818810778443,2,LONG,Market,0.008327399277770821,8447.688
2020-06-19 23:57:00,9310.23,15091.43703405422,-2,SHORT,Market,-0.008106478364257787,10241.252999999999
2020-06-22 23:57:00,9685.69,14460.197196420524,2,LONG,Market,-0.040327682559936864,8717.121000000001
2020-06-24 23:57:00,9296.49,13857.452918013722,-2,SHORT,Market,-0.04018299160927107,10226.139
2020-06-29 23:57:00,9192.56,13991.585969633472,2,LONG,Market,0.011179488172417793,8273.304
2020-07-02 23:57:00,9086.54,13809.230272767523,-2,SHORT,Market,-0.011533239924460502,9995.194000000001
2020-07-05 23:57:00,9069.41,13814.549671538503,2,LONG,Market,0.0018852060300181385,8162.469
2020-07-10 23:57:00,9288.34,14127.30261105553,-2,SHORT,Market,0.02413938723687652,10217.174
2020-07-12 23:57:00,9302.75,14084.19445442831,2,LONG,Market,-0.0015514074635510603,8372.475
2020-07-13 23:57:00,9242.62,13972.032435403165,-2,SHORT,Market,-0.006463680094595598,10166.882000000001
2020-07-14 23:57:00,9255.85,13931.074647593807,2,LONG,Market,-0.0014314123051688333,8330.265
2020-07-15 23:57:00,9197.6,13822.505363936689,-2,SHORT,Market,-0.006293317199392816,10117.36
2020-07-18 23:57:00,9170.28,13842.829147699817,2,LONG,Market,0.0029703400887187642,8253.252
2020-08-02 01:54:00,11928.23,17985.27809353177,-1,Squared_Off,TP,0.30074872304880534,0.0
2020-08-03 23:57:00,11219.81,17985.27809353177,-1,SHORT,Market,0.0,12341.791
2020-08-04 23:57:00,11191.97,18002.927504494528,2,LONG,Market,0.002481325441339929,10072.773
2020-08-08 23:57:00,11761.41,18891.90010729329,-2,SHORT,Market,0.050879335809513475,12937.551
2020-08-09 23:57:00,11681.68,18991.629486788872,2,LONG,Market,0.006778949122596659,10513.512
2020-08-10 23:57:00,11892.92,19306.56797211585,-2,SHORT,Market,0.018083015456680868,13082.212
2020-08-13 23:57:00,11780.0,19460.918665878264,2,LONG,Market,0.009494724592446605,10602.0
2020-08-19 23:57:00,11754.59,19389.749194220705,-2,SHORT,Market,-0.002157045840407458,12930.049
2020-08-23 23:57:00,11648.13,19536.275348790572,2,LONG,Market,0.00905688756477265,10483.317
2020-08-25 23:57:00,11318.42,18953.980426110495,-2,SHORT,Market,-0.02830583106472877,12450.262
2020-08-29 23:57:00,11465.84,18678.677913823536,2,LONG,Market,-0.013024786145062656,10319.256
2020-09-02 23:57:00,11388.54,18524.73263800461,-2,SHORT,Market,-0.006741765103995806,12527.394
2020-09-07 23:57:00,10373.44,20148.119096047754,2,LONG,Market,0.08913346223484313,9336.096000000001
2020-09-09 23:57:00,10219.2,19818.319738630355,-2,SHORT,Market,-0.014868741709596794,11241.12
2020-09-10 23:57:00,10336.87,19560.392235180556,2,LONG,Market,-0.0115145999686864,9303.183
2020-09-13 23:57:00,10332.83,19523.406780961217,-2,SHORT,Market,-0.0003908339758554449,11366.113
2020-09-14 23:57:00,10671.77,18853.71013838878,2,LONG,Market,-0.032802242947963,9604.593
2020-09-20 23:57:00,10920.28,19264.46972364274,-2,SHORT,Market,0.02328667128320796,12012.308
2020-09-25 23:57:00,10686.67,19647.684500826992,2,LONG,Market,0.021392308622123293,9618.003
2020-09-29 23:57:00,10840.48,19900.99613787441,-2,SHORT,Market,0.014392696695977278,11924.528
2020-09-30 23:57:00,10776.59,19988.434158822718,2,LONG,Market,0.005893650465661984,9698.931
2020-10-01 23:57:00,10619.13,19666.394480023053,-2,SHORT,Market,-0.014611300977396463,11681.043
2020-10-04 23:57:00,10666.63,19548.925936251286,2,LONG,Market,-0.004473059469090218,9599.966999999999
2020-10-07 23:57:00,10666.39,19519.162695001352,-2,SHORT,Market,-2.2500077343995406e-05,11733.028999999999
2020-10-08 23:57:00,10925.57,19015.5925939683,2,LONG,Market,-0.0242987552489643,9833.012999999999
2020-10-14 23:57:00,11417.89,19843.935853303705,-2,SHORT,Market,0.04506126453814306,12559.679
2020-10-18 23:57:00,11503.14,19666.008114763197,2,LONG,Market,-0.0074663532403973065,10352.826
2020-10-26 23:57:00,13052.19,22284.79729782939,-2,SHORT,Market,0.13466323108299136,14357.409
2020-10-27 23:57:00,13636.17,21254.305553635462,2,LONG,Market,-0.044741916873720006,12272.553
2020-10-29 23:57:00,13455.7,20941.130702566097,-2,SHORT,Market,-0.01323465459876192,14801.27
2020-10-30 23:57:00,13560.1,20747.241094151843,2,LONG,Market,-0.007758793671083603,12204.09
2020-11-02 23:57:00,13549.37,20699.703104543987,-2,SHORT,Market,-0.0007912920996157524,14904.307
2020-11-03 23:57:00,14023.53,19944.267750100866,2,LONG,Market,-0.03499498500668295,12621.177
2020-11-07 23:57:00,14818.3,21044.673434266355,-2,SHORT,Market,0.05667403285763275,16300.13
2020-11-09 23:57:00,15328.41,20288.657710999843,2,LONG,Market,-0.034424326677149245,13795.569
2020-11-10 23:57:00,15297.21,20216.928456876358,-2,SHORT,Market,-0.0020354361606977323,16826.931
2020-11-11 23:57:00,15684.24,19675.10078235894,2,LONG,Market,-0.025300692086988454,14115.815999999999
2020-11-15 23:57:00,15957.0,19987.752016040275,-2,SHORT,Market,0.017390705574513027,17552.7
2020-11-16 23:57:00,16713.57,19010.090150955642,2,LONG,Market,-0.04741304756533181,15042.213
2020-11-23 23:57:00,18368.0,20863.331184425995,-2,SHORT,Market,0.09898723013694861,20204.8
2020-11-24 23:57:00,19160.01,19932.429974050858,2,LONG,Market,-0.04311901132404172,17244.009
2020-11-26 08:27:00,17046.42,17703.733694388437,-1,Squared_Off,SL,-0.11031257290575529,0.0
2020-11-29 23:57:00,18184.99,17703.733694388437,1,LONG,Market,0.0,16366.491000000002
2020-12-02 23:57:00,19204.09,18669.30814219724,-2,SHORT,Market,0.05604072369575119,21124.499
2020-12-03 23:57:00,19421.9,18429.559598155174,2,LONG,Market,-0.0113418547819762,17479.710000000003
2020-12-04 23:57:00,18650.52,17669.94806281805,-2,SHORT,Market,-0.03971702047688439,20515.572
2020-12-06 23:57:00,19359.4,16971.833299133858,2,LONG,Market,-0.03800859171755002,17423.460000000003
2020-12-08 23:57:00,18324.11,16038.766362110127,-2,SHORT,Market,-0.0534773804973295,20156.521
2020-12-12 23:57:00,18808.69,15590.563989259457,2,LONG,Market,-0.026444940572829898,16927.821
2020-12-21 23:57:00,22719.71,18809.03111513451,-2,SHORT,Market,0.20793686322651928,24991.681
2020-12-23 23:57:00,23232.76,18356.077401724655,2,LONG,Market,-0.022581714291247525,20909.483999999997
2021-01-02 12:21:00,30218.21,23847.709363431055,-1,Squared_Off,TP,0.30067241257603494,0.0
2021-01-10 23:57:00,38150.02,23847.709363431055,-1,SHORT,Market,0.0,41965.022
2021-01-14 23:57:00,39144.5,23190.284914073003,2,LONG,Market,-0.026067614119206314,35230.05
2021-01-15 16:00:00,35199.93,20818.627073885153,-1,Squared_Off,SL,-0.10076945675637701,0.0
2021-01-16 23:57:00,35994.98,20818.627073885153,-1,SHORT,Market,0.0,39594.478
2021-01-19 23:57:00,35891.49,20847.255249762693,2,LONG,Market,0.002875123142171637,32302.340999999997
2021-01-20 23:57:00,35468.23,20570.13753085493,-2,SHORT,Market,-0.011792767589197183,39015.053
2021-01-23 23:57:00,32078.0,22505.47847703737,2,LONG,Market,0.09558497844408934,28870.2
2021-01-24 23:57:00,32259.9,22599.338768423786,-2,SHORT,Market,0.005670553026996741,35485.89
2021-01-25 23:57:00,32254.2,22569.43283622551,2,LONG,Market,0.0001766899463420757,29028.78
2021-01-27 23:57:00,30366.15,21214.44166709669,-2,SHORT,Market,-0.05853656268020906,33402.765
2021-01-28 22:54:00,33447.44,19029.964927663066,1,Squared_Off,SL,-0.10147121054200156,0.0
2021-01-31 23:57:00,33092.98,19029.964927663066,-1,SHORT,Market,0.0,36402.278000000006
2021-02-02 23:57:00,35466.24,17636.68780552558,2,LONG,Market,-0.07171490751210663,31919.615999999998
2021-02-08 23:24:00,46331.32,23013.230778174675,-1,Squared_Off,TP,0.3063499260141476,0.0
2021-02-13 23:57:00,47153.69,23013.230778174675,-1,SHORT,Market,0.0,51869.059
2021-02-14 23:57:00,48577.79,22283.68278148094,2,LONG,Market,-0.030201241938859896,43720.011
2021-02-22 23:57:00,54087.67,24777.758366025813,-2,SHORT,Market,0.11342385069390759,59496.437
2021-03-01 23:57:00,49587.03,26802.351283149223,2,LONG,Market,0.08321009205979846,44628.327
2021-03-05 23:57:00,48751.71,26310.647836309145,-2,SHORT,Market,-0.016845534003548907,53626.881
2021-03-07 23:57:00,50971.75,25073.0558783581,2,LONG,Market,-0.045537684729417716,45874.575
2021-03-15 23:57:00,55605.2,27314.64508131124,-2,SHORT,Market,0.09090231353641963,61165.72
2021-03-17 23:57:00,58912.97,25648.81494285976,2,LONG,Market,-0.05948670268248301,53021.673
2021-03-21 23:57:00,57351.56,24930.553956563752,-2,SHORT,Market,-0.026503671432623468,63086.716
2021-03-26 23:57:00,55025.59,25904.25042349053,2,LONG,Market,0.040556351039099915,49523.030999999995
2021-04-02 23:57:00,58950.01,27712.882797125494,-2,SHORT,Market,0.07131990770112608,64845.011
2021-04-05 23:57:00,59129.99,27586.703399991286,2,LONG,Market,-0.003053095326022776,53216.990999999995
2021-04-07 23:57:00,55953.45,26063.329743705024,-2,SHORT,Market,-0.0537213011536109,61548.795
2021-04-09 23:57:00,58142.54,25004.54830422061,2,LONG,Market,-0.039123414195192684,52328.286
2021-04-16 23:57:00,61334.8,26339.89205502151,-2,SHORT,Market,0.054904034120284426,67468.28
2021-04-26 23:57:00,54001.39,29449.674752256862,2,LONG,Market,0.11956360826154162,48601.251
2021-04-29 23:57:00,53555.0,29162.061315451538,-2,SHORT,Market,-0.00826626870160193,58910.5
2021-04-30 23:57:00,57694.27,26864.380299078977,2,LONG,Market,-0.07729007562319105,51924.84299999999
2021-05-03 23:57:00,57169.39,26579.682058735227,-2,SHORT,Market,-0.009097610559939443,62886.329
2021-05-06 23:57:00,56393.68,26900.46226743159,2,LONG,Market,0.013568624748313725,50754.312
2021-05-10 23:57:00,55816.14,26584.618061673522,-2,SHORT,Market,-0.01024121851952206,61397.754
2021-05-19 04:51:00,38705.56,34694.323569226435,1,Squared_Off,TP,0.3065525491372209,0.0
2021-05-21 23:57:00,37252.01,34694.323569226435,1,LONG,Market,0.0,33526.809
2021-05-22 23:57:00,37449.73,34826.42682280366,-2,SHORT,Market,0.005307633064631979,41194.703
2021-05-24 23:57:00,38796.29,33521.951898028965,2,LONG,Market,-0.035956467509912556,34916.661
2021-05-27 23:57:00,38529.98,33241.56369439488,-2,SHORT,Market,-0.006864316149817358,42382.978
2021-05-31 23:57:00,37253.81,34292.711168735776,2,LONG,Market,0.03312148098701337,33528.429
2021-06-05 23:57:00,35513.2,32639.013541384087,-2,SHORT,Market,-0.04672300631801152,39064.52
2021-06-09 23:57:00,37388.05,30866.94207889659,2,LONG,Market,-0.052793045966007174,33649.245
2021-06-16 23:57:00,38349.01,31613.99399787731,-2,SHORT,Market,0.02570233002256066,42183.911
2021-06-23 23:57:00,33678.07,35417.182686881235,2,LONG,Market,0.12180079746517582,30310.263
2021-06-25 23:57:00,31584.45,33162.32379640724,-2,SHORT,Market,-0.062165676358532394,34742.895000000004
2021-06-27 23:57:00,34700.34,29841.028863909305,2,LONG,Market,-0.09865265977403424,31230.305999999997
2021-07-01 23:57:00,33504.69,28768.051857562274,-2,SHORT,Market,-0.03445643472081237,36855.159
2021-07-04 23:57:00,35286.51,27194.979933902363,2,LONG,Market,-0.05318121134682934,31757.859
2021-07-06 23:57:00,34220.01,26332.245988363742,-2,SHORT,Market,-0.030224014786387202,37642.011
2021-07-07 23:57:00,33862.12,26568.143433607303,2,LONG,Market,0.010458500742694096,30475.908000000003
2021-07-08 23:57:00,32875.71,25754.356143974117,-2,SHORT,Market,-0.029130190312951564,36163.281
2021-07-10 23:57:00,33502.87,25224.416528525693,2,LONG,Market,-0.019076698267505205,30152.583000000002
2021-07-13 23:57:00,32729.77,24604.510474510775,-2,SHORT,Market,-0.023075635012761657,36002.747
2021-07-21 23:57:00,32144.51,25007.57123073125,2,LONG,Market,0.01788157998054988,28930.058999999997
2021-07-30 23:42:00,41867.63,32534.387841085387,-1,Squared_Off,TP,0.30248151239511817,0.0
2021-08-01 23:57:00,39845.44,32534.387841085387,-1,SHORT,Market,0.0,43829.984000000004
2021-08-05 23:57:00,40862.46,31655.174470116748,2,LONG,Market,-0.025524125219849418,36776.214
2021-08-11 23:57:00,45511.0,35208.80492409454,-2,SHORT,Market,0.11376064975040663,50062.1
2021-08-13 23:57:00,47800.0,33385.14610858613,2,LONG,Market,-0.05029553294807849,43020.0
2021-08-16 23:57:00,45901.29,32008.944733192424,-2,SHORT,Market,-0.03972196652719663,50491.419
2021-08-19 23:57:00,46760.62,31361.68352855607,2,LONG,Market,-0.018721260339306406,42084.558000000005
2021-08-24 23:57:00,47674.01,31927.23870017461,-2,SHORT,Market,0.01953331670965867,52441.411
2021-08-28 23:57:00,48895.35,31061.417617373565,2,LONG,Market,-0.02561857078940908,44005.815
2021-08-30 23:57:00,46982.91,29799.922693275133,-2,SHORT,Market,-0.039112921780905446,51681.201
2021-09-01 23:57:00,48810.52,28596.021799475366,2,LONG,Market,-0.03889946365603989,43929.46799999999
2021-09-07 23:57:00,46863.73,27412.585742659212,-2,SHORT,Market,-0.03988463962276972,51550.103
2021-09-12 23:57:00,46025.24,27861.935271475926,2,LONG,Market,0.017892088401840936,41422.716
2021-09-17 23:57:00,47299.98,28591.821633423417,-2,SHORT,Market,0.027696542158172455,52029.978
2021-09-18 23:57:00,48292.74,27948.8318111881,2,LONG,Market,-0.020988592384182714,43463.466
2021-09-19 23:57:00,47241.75,27298.66097293824,-2,SHORT,Market,-0.02176289852263504,51965.925
2021-09-23 23:57:00,44865.26,28630.968519547976,2,LONG,Market,0.05030486804574339,40378.734000000004
2021-09-25 23:57:00,42670.64,27187.515391172205,-2,SHORT,Market,-0.04891579810303122,46937.704
2021-09-30 23:57:00,43824.1,26411.809319603362,2,LONG,Market,-0.02703170142280498,39441.69
2021-10-08 23:57:00,53951.43,32475.70791004775,-2,SHORT,Market,0.23109042741322702,59346.573000000004
2021-10-09 23:57:00,54949.72,31826.08025842599,2,LONG,Market,-0.01850349471737822,49454.748
2021-10-13 23:57:00,57367.0,33178.3946285218,-2,SHORT,Market,0.04399076100842732,63103.7
2021-10-14 23:57:00,57347.94,33139.650450765206,2,LONG,Market,0.00033224676207571727,51613.146
2021-10-22 23:57:00,60688.22,35020.18836684684,-2,SHORT,Market,0.058245858526042936,66757.042
2021-10-25 23:57:00,63078.78,33588.18342673948,2,LONG,Market,-0.03939084059476448,56770.902
2021-10-27 23:57:00,58413.44,31053.60130391518,-2,SHORT,Market,-0.07396052999122679,64254.784
2021-10-29 23:57:00,62253.71,28965.466535714375,2,LONG,Market,-0.06574291806817055,56028.339
2021-11-01 23:57:00,60911.11,28297.332106433878,-2,SHORT,Market,-0.021566586152054208,67002.221
2021-11-02 23:57:00,63219.99,27182.25511938069,2,LONG,Market,-0.03790572852801397,56897.990999999995
2021-11-04 23:57:00,61395.01,26356.807902558852,-2,SHORT,Market,-0.0288671352209957,67534.511
2021-11-07 23:57:00,63273.59,25510.80043523036,2,LONG,Market,-0.03059825220323271,56946.231
2021-11-10 23:57:00,64882.43,26121.190272147316,-2,SHORT,Market,0.025426722270697834,71370.673
2021-11-14 23:57:00,65519.1,25825.689816020873,2,LONG,Market,-0.009812671935992506,58967.19
2021-11-16 10:12:00,58610.01,23063.59251643329,-1,Squared_Off,SL,-0.10545154008525753,0.0
2021-11-20 23:57:00,59707.51,23063.59251643329,1,LONG,Market,0.0,53736.759000000005
2021-11-22 23:57:00,56247.18,21692.35386297737,-2,SHORT,Market,-0.05795468610230106,61871.898
2021-11-25 23:57:00,58960.36,20613.447129297834,2,LONG,Market,-0.04823672937914399,53064.324
2021-11-26 23:57:00,53726.53,18752.69963073932,-2,SHORT,Market,-0.08876862352943574,59099.183
2021-11-28 23:57:00,57274.88,17486.055052098716,2,LONG,Market,-0.06604465242776704,51547.392
2021-12-02 23:57:00,56480.34,17217.252433249614,-2,SHORT,Market,-0.013872399208867847,62128.373999999996
2021-12-07 23:57:00,50588.95,18987.3355171294,2,LONG,Market,0.10430868511060662,45530.05499999999
2021-12-09 23:57:00,47545.59,17816.603144346907,-2,SHORT,Market,-0.06015859194547427,52300.149
2021-12-12 23:57:00,50053.9,16849.947452505927,2,LONG,Market,-0.05275589176619756,45048.51
2021-12-13 23:57:00,46702.75,15696.554614332383,-2,SHORT,Market,-0.06695082700848488,51373.025
2021-12-15 23:57:00,48864.98,14946.295375149042,2,LONG,Market,-0.046297701955452374,43978.482
2021-12-16 23:57:00,47632.38,14546.86147962141,-2,SHORT,Market,-0.025224608707503936,52395.617999999995
2021-12-20 23:57:00,46914.16,14744.384559534414,2,LONG,Market,0.015078398350029831,42222.744000000006
2021-12-26 23:57:00,50775.49,15935.823430160588,-2,SHORT,Market,0.08230628023607359,55853.039
2021-12-27 23:57:00,50701.44,15935.16019402389,2,LONG,Market,0.0014583808053845594,45631.296
2021-12-28 23:57:00,47543.74,14918.811177164194,-2,SHORT,Market,-0.06228028237462297,52298.114
2022-01-01 23:57:00,47722.65,14840.29256194207,2,LONG,Market,-0.0037630611306557604,42950.385
2022-01-03 23:57:00,46446.1,14421.063902140195,-2,SHORT,Market,-0.026749352770644608,51090.71
2022-01-09 23:57:00,41864.62,15821.93744334644,2,LONG,Market,0.09864079007710004,37678.158
2022-01-14 23:57:00,43059.96,16249.96057135848,-2,SHORT,Market,0.02855251044915722,47365.956
2022-01-24 23:57:00,36660.35,18640.669392122945,2,LONG,Market,0.1486208997871805,32994.315
2022-02-02 23:57:00,36896.36,18732.712271882978,-2,SHORT,Market,0.006437745411595963,40585.996
2022-02-04 19:30:00,40597.44,16825.531724022418,1,Squared_Off,SL,-0.10031016609768556,0.0
2022-02-10 23:57:00,43495.44,16825.531724022418,-1,SHORT,Market,0.0,47844.984000000004
2022-02-14 23:57:00,42535.94,17171.461017549373,2,LONG,Market,0.022059783738249343,38282.346000000005
2022-02-17 23:57:00,40515.7,16330.147089623333,-2,SHORT,Market,-0.0474948949053437,44567.27
2022-02-23 23:57:00,37250.01,17621.911937286175,2,LONG,Market,0.08060307485740084,33525.009000000005
2022-02-27 23:57:00,37699.07,17807.916482807992,-2,SHORT,Market,0.012055298777100936,41468.977
2022-02-28 20:18:00,41536.59,15968.474594820713,1,Squared_Off,SL,-0.10179349251851562,0.0
2022-03-03 23:57:00,42454.0,15968.474594820713,-1,SHORT,Market,0.0,46699.4
2022-03-08 23:57:00,38730.63,17345.015105054023,2,LONG,Market,0.08770363216658036,34857.566999999995
2022-03-11 23:57:00,38729.57,17318.522875013387,-2,SHORT,Market,-2.736851943791443e-05,42602.527
2022-03-15 23:57:00,39280.33,17046.26428617238,2,LONG,Market,-0.014220658788620737,35352.297
2022-03-21 23:57:00,41002.25,17767.9468451021,-2,SHORT,Market,0.04383669892793666,45102.475
2022-03-22 23:57:00,42364.13,17151.13678840516,2,LONG,Market,-0.03321476260449115,38127.717
2022-03-31 23:57:00,45510.34,18399.154594795153,-2,SHORT,Market,0.07426589428367818,50061.373999999996
2022-04-02 23:57:00,45811.0,18250.003489959334,2,LONG,Market,-0.006606410762916812,41229.9
2022-04-03 23:57:00,46407.35,18460.200019535623,-2,SHORT,Market,0.013017615856453658,51048.085
2022-04-04 23:57:00,46580.51,18363.629073759843,2,LONG,Market,-0.0037313054936341655,41922.459
2022-04-05 23:57:00,45497.55,17909.143784670505,-2,SHORT,Market,-0.023249208735584885,50047.305
2022-04-10 23:57:00,42158.85,19196.488380295526,2,LONG,Market,0.07338197331504673,37942.965
2022-04-11 23:57:00,39530.45,17970.88562144427,-2,SHORT,Market,-0.06234515410168924,43483.494999999995
2022-04-13 23:57:00,41147.79,17208.67249348195,2,LONG,Market,-0.04091377659500471,37033.011
2022-04-14 23:57:00,39942.38,16678.737491546755,-2,SHORT,Market,-0.029294647416058153,43936.617999999995
2022-04-15 23:57:00,40551.9,16399.202151337708,2,LONG,Market,-0.015259982004076975,36496.71
2022-04-17 23:57:00,39678.12,16021.246418945955,-2,SHORT,Market,-0.021547202473866794,43645.932
2022-04-19 23:57:00,41493.18,15264.328930614533,2,LONG,Market,-0.045744606851332616,37343.862
2022-04-21 23:57:00,40480.01,14868.711904768925,-2,SHORT,Market,-0.024417747687692247,44528.011
2022-04-25 23:57:00,40426.08,14866.217864454604,2,LONG,Market,0.001332262516733575,36383.472
2022-04-26 23:57:00,38112.65,13993.181726318184,-2,SHORT,Market,-0.057226176765098176,41923.915
2022-04-28 23:57:00,39742.07,13373.94517297488,2,LONG,Market,-0.042752734328365995,35767.863
2022-04-29 23:57:00,38596.11,12968.24741721422,-2,SHORT,Market,-0.02883493486876751,42455.721
2022-05-02 23:57:00,38525.16,12972.634162368544,2,LONG,Market,0.0018382681570758579,34672.644
2022-05-03 23:57:00,37728.95,12685.066239055323,-2,SHORT,Market,-0.020667273023655355,41501.844999999994
2022-05-04 23:57:00,39690.0,12006.70279419615,2,LONG,Market,-0.05197732775494688,35721.0
2022-05-06 11:24:00,35685.01,10777.135052332202,-1,Squared_Off,SL,-0.1009067775258251,0.0
2022-05-14 23:57:00,30086.74,10777.135052332202,1,LONG,Market,0.0,27078.066000000003
2022-05-17 23:57:00,30444.93,10889.273779027026,-2,SHORT,Market,0.011905244636009041,33489.423
2022-05-20 23:57:00,29201.01,11317.854191998164,2,LONG,Market,0.04085803449047187,26280.909
2022-05-21 23:57:00,29445.06,11395.467368919051,-2,SHORT,Market,0.008357587631386823,32389.566000000003
2022-05-22 23:57:00,30293.94,11049.851001666386,2,LONG,Market,-0.02882928409723048,27264.546
2022-05-24 23:57:00,29654.58,10800.066786694497,-2,SHORT,Market,-0.021105211141238048,32620.038
2022-05-25 23:57:00,29542.15,10824.813194906348,2,LONG,Market,0.003791319924274776,26587.935
2022-05-26 23:57:00,29201.35,10683.700286079029,-2,SHORT,Market,-0.011536059494654347,32121.485
2022-05-29 23:57:00,29468.1,10570.080718547566,2,LONG,Market,-0.009134851642132983,26521.289999999997
2022-06-01 23:57:00,29805.83,10675.3678957881,-2,SHORT,Market,0.011460867853713107,32786.413
2022-06-05 23:57:00,29919.21,10618.74623777494,2,LONG,Market,-0.0038039537902483296,26927.288999999997
2022-06-08 23:57:00,30204.77,10704.167357775166,-2,SHORT,Market,0.009544369654145323,33225.247
2022-06-14 01:36:00,21126.28,13905.406795991832,1,Squared_Off,TP,0.3005647783446125,0.0
2022-06-20 23:57:00,20573.89,13905.406795991832,1,LONG,Market,0.0,18516.501
2022-06-22 23:57:00,19987.99,13488.552700509132,-2,SHORT,Market,-0.028477842547034025,21986.789
2022-06-23 23:57:00,21110.13,12711.062912286921,2,LONG,Market,-0.056140712497854926,18999.117000000002
2022-06-26 23:57:00,21038.07,12648.606760703096,-2,SHORT,Market,-0.0034135270602313346,23141.877
2022-07-04 23:57:00,20236.71,13111.431254684998,2,LONG,Market,0.03809094655545878,18213.039
2022-07-09 23:57:00,21591.83,13969.750832020927,-2,SHORT,Market,0.06696345403971311,23751.013000000003
2022-07-14 23:57:00,20588.84,14597.723155781705,2,LONG,Market,0.04645229237169807,18529.956
2022-07-22 23:57:00,22684.83,16061.90746522599,-2,SHORT,Market,0.10180223849425231,24953.313000000002
2022-07-27 23:57:00,22952.45,15848.327282507831,2,LONG,Market,-0.011797311242799658,20657.205
2022-07-31 23:57:00,23293.32,16059.920485476809,-2,SHORT,Market,0.014851137895954417,25622.652
2022-08-05 23:57:00,23312.42,16022.661830126832,2,LONG,Market,-0.0008199775729693554,20981.178
2022-08-10 23:57:00,23954.05,16439.62111521656,-2,SHORT,Market,0.027523097130199313,26349.454999999998
2022-08-11 23:57:00,23934.39,16428.454305923882,2,LONG,Market,0.0008207380380353158,21540.951
2022-08-15 23:57:00,24094.82,16513.930032508793,-2,SHORT,Market,0.006702907406455744,26504.302
2022-08-22 23:57:00,21399.83,18336.231508131852,2,LONG,Market,0.11184935185238977,19259.847
2022-08-25 23:57:00,21559.04,18445.144665981126,-2,SHORT,Market,0.007439778727214147,23714.944
2022-08-30 23:57:00,19811.66,19912.472871177306,2,LONG,Market,0.08105091877931489,17830.494
2022-09-03 23:57:00,19831.9,19902.9471543766,-2,SHORT,Market,0.0010216206012015954,21815.09
2022-09-04 23:57:00,20000.3,19704.0894459723,2,LONG,Market,-0.008491369964551949,18000.27
2022-09-05 23:57:00,19796.84,19474.086616569894,-2,SHORT,Market,-0.010172847407288847,21776.524
2022-09-08 23:57:00,19319.77,19914.16768187251,2,LONG,Market,0.024098290434230903,17387.793
2022-09-13 23:57:00,20173.57,20764.364690312566,-2,SHORT,Market,0.04419307269185913,22190.927
2022-09-17 23:57:00,20113.62,20794.923813774894,2,LONG,Market,0.0029717100146380007,18102.257999999998
2022-09-19 23:57:00,19537.02,20167.600394902438,-2,SHORT,Market,-0.02866714196648831,21490.722
2022-09-22 23:57:00,19401.63,20277.108866463863,2,LONG,Market,0.006929920735096725,17461.467
2022-09-25 23:57:00,18807.38,19625.62827491349,-2,SHORT,Market,-0.03062886984237922,20688.118000000002
2022-09-26 23:57:00,19227.82,19157.45784793418,2,LONG,Market,-0.0223550542393464,17305.038
2022-10-01 23:57:00,19310.95,19211.547455812884,-2,SHORT,Market,0.004323423040157492,21242.045000000002
2022-10-03 23:57:00,19629.08,18866.23769939849,2,LONG,Market,-0.01647407300003371,17666.172000000002
2022-10-06 23:57:00,19960.67,19156.64180519931,-2,SHORT,Market,0.016892793752941886,21956.736999999997
2022-10-13 23:57:00,19375.13,19689.860927330163,2,LONG,Market,0.02933468666131935,17437.617000000002
2022-10-15 23:57:00,19069.39,19349.619674618807,-2,SHORT,Market,-0.01578002315339312,20976.328999999998
2022-10-17 23:57:00,19549.86,18833.064612765516,2,LONG,Market,-0.025195876742779982,17594.874
2022-10-19 23:57:00,19123.97,18394.540267693148,-2,SHORT,Market,-0.02178481073521751,21036.367000000002
2022-10-22 23:57:00,19204.35,18289.634324989733,2,LONG,Market,-0.004203102180143421,17283.914999999997
2022-10-28 23:57:00,20591.84,19583.602822812172,-2,SHORT,Market,0.0722487353125725,22651.024
2022-10-29 23:57:00,20809.67,19347.063017393157,2,LONG,Market,-0.010578462148112948,18728.702999999998
2022-10-30 23:57:00,20627.48,19148.657641121907,-2,SHORT,Market,-0.008755064352293847,22690.228
2022-11-04 23:57:00,21148.52,18636.248980145927,2,LONG,Market,-0.025259508190045556,19033.668
2022-11-07 23:57:00,20591.13,18117.117974975543,-2,SHORT,Market,-0.02635598141146517,22650.243000000002
2022-11-11 23:57:00,17070.31,21187.73786866187,2,LONG,Market,0.1709872163402397,15363.279
2022-11-12 23:57:00,16812.08,20835.440140603634,-2,SHORT,Market,-0.015127434709738695,18493.288
2022-11-15 23:57:00,16900.57,20694.520115968935,2,LONG,Market,-0.005263477214003142,15210.512999999999
2022-11-17 23:57:00,16692.56,20408.772895130987,-2,SHORT,Market,-0.01230786890619656,18361.816000000003
2022-11-18 23:57:00,16700.45,20368.51320954291,2,LONG,Market,-0.00047266566662030376,15030.405
2022-11-19 23:57:00,16700.68,20338.240956603182,-2,SHORT,Market,1.3772083985734721e-05,18370.748
2022-11-23 23:57:00,16603.11,20426.555234175536,2,LONG,Market,0.005842277080933214,14942.799
2022-11-26 23:57:00,16458.57,20218.090024419118,-2,SHORT,Market,-0.00870559792713539,18104.427
2022-11-30 23:57:00,17163.64,19321.638509590248,2,LONG,Market,-0.04283908018740387,15447.276
2022-12-04 23:57:00,17105.7,19227.43120818864,-2,SHORT,Market,-0.0033757408102243285,18816.27
2022-12-06 23:57:00,17088.96,19217.406432435422,2,LONG,Market,0.000978621161367357,15380.063999999998
2022-12-07 23:57:00,16836.64,18904.83362368793,-2,SHORT,Market,-0.014765088103664573,18520.304
2022-12-08 23:57:00,17224.1,18441.42122948059,2,LONG,Market,-0.023012905187733367,15501.689999999999
2022-12-11 23:57:00,17085.05,18264.881674609376,-2,SHORT,Market,-0.008072990751330942,18793.555
2022-12-12 23:57:00,17209.83,18104.087497223885,2,LONG,Market,-0.007303461213166042,15488.847000000002
2022-12-15 23:57:00,17356.34,18231.054321243628,-2,SHORT,Market,0.008513157887091179,19091.974000000002
2022-12-20 23:57:00,16895.56,18687.709851390286,2,LONG,Market,0.02654822387669283,15206.004
2022-12-22 23:57:00,16821.43,18577.685151654456,-2,SHORT,Market,-0.00438754323621123,18503.573
2022-12-23 23:57:00,16778.5,18597.230765674765,2,LONG,Market,0.0025521016940890455,15100.65
2022-12-24 23:57:00,16836.12,18633.200726166786,-2,SHORT,Market,0.0034341568078194704,18519.732
2022-12-25 23:57:00,16832.11,18609.68895087635,2,LONG,Market,0.00023817839264619162,15148.899000000001
2022-12-27 23:57:00,16706.36,18442.744409591676,-2,SHORT,Market,-0.007470839960052542,18376.996
2022-12-30 23:57:00,16607.48,18524.237438353088,2,LONG,Market,0.0059187040145190824,14946.732
2022-12-31 23:57:00,16542.4,18423.859853876274,-2,SHORT,Market,-0.003918716144773206,18196.640000000003
2023-01-01 23:57:00,16616.75,18313.41782194585,2,LONG,Market,-0.00449451107457192,14955.075
2023-01-18 23:57:00,20677.47,22761.291069695428,-2,SHORT,Market,0.24437510343478724,22745.217
2023-01-20 23:57:00,22667.21,20536.88836651665,2,LONG,Market,-0.096227439817347,20400.488999999998
2023-01-24 23:57:00,22632.89,20474.988514229386,-2,SHORT,Market,-0.001514081353638128,24896.179
2023-01-26 23:57:00,23009.65,20103.43769076796,2,LONG,Market,-0.01664657054401811,20708.685
2023-01-31 23:57:00,23125.13,20174.17694090596,-2,SHORT,Market,0.005018763866464703,25437.643
2023-02-01 23:57:00,23732.66,19613.91140235501,2,LONG,Market,-0.026271419879585492,21359.394
2023-02-03 23:57:00,23431.9,19335.92674200739,-2,SHORT,Market,-0.012672831448307876,25775.09
2023-02-04 23:57:00,23326.84,19393.61801803606,2,LONG,Market,0.004483631288969367,20994.156
2023-02-05 23:57:00,22932.91,19037.01953823182,-2,SHORT,Market,-0.016887413811729333,25226.201
2023-02-08 23:57:00,22963.0,18983.485760725467,2,LONG,Market,-0.001312088173720655,20666.7
2023-02-09 23:57:00,21796.35,17990.54231526818,-2,SHORT,Market,-0.0508056438618648,23975.984999999997
2023-02-13 23:57:00,21773.97,17982.028784402944,2,LONG,Market,0.001026777419154922,19596.573
2023-02-19 23:57:00,24271.76,20017.85511485429,-2,SHORT,Market,0.11471449625401325,26698.935999999998
2023-02-21 23:57:00,24452.16,19839.045505443457,2,LONG,Market,-0.007432505924580725,22006.944
2023-02-22 23:57:00,24182.21,19590.265372865637,-2,SHORT,Market,-0.011039924489288502,26600.431
2023-02-26 23:57:00,23554.85,20069.110979512734,2,LONG,Market,0.02594303829137207,21199.364999999998
2023-03-01 23:57:00,23628.97,20102.15874494821,-2,SHORT,Market,0.0031466980260966477,25991.867000000002
2023-03-02 23:57:00,23465.32,20211.22944586033,2,LONG,Market,0.006925820296018043,21118.788
2023-03-03 23:57:00,22354.34,19223.999519331614,-2,SHORT,Market,-0.04734561471993561,24589.774
2023-03-12 23:57:00,21997.11,19502.369608368834,2,LONG,Market,0.015980342072277668,19797.399
2023-03-22 14:45:00,28725.0,25437.981323277956,-1,Squared_Off,TP,0.30585335982772277,0.0
2023-03-24 23:57:00,27454.47,25437.981323277956,1,LONG,Market,0.0,24709.023
2023-03-25 23:57:00,27462.95,25407.681508310507,-2,SHORT,Market,0.00030887502108034,30209.245000000003
2023-03-26 23:57:00,27968.05,24902.270590686378,2,LONG,Market,-0.0183920518371114,25171.245
2023-03-28 23:57:00,27261.07,24235.43435484962,-2,SHORT,Market,-0.02527812986604356,29987.177
2023-03-29 23:57:00,28348.6,23232.253344985682,2,LONG,Market,-0.03989315166279236,25513.739999999998
2023-04-02 23:57:00,28171.87,23052.571141299333,-2,SHORT,Market,-0.006234170294123857,30989.057
2023-04-05 23:57:00,28170.01,23019.514291551168,2,LONG,Market,6.602330622711883e-05,25353.009
2023-04-06 23:57:00,28033.82,22873.69547313227,-2,SHORT,Market,-0.0048345740736335805,30837.202
2023-04-09 23:57:00,28323.76,22602.813557719997,2,LONG,Market,-0.010342507728165433,25491.384
2023-04-15 23:57:00,30295.09,24142.06221153361,-2,SHORT,Market,0.06959986950885058,33324.599
2023-04-23 23:57:00,27590.6,26261.048717572856,2,LONG,Market,0.08927156182734568,24831.539999999997
2023-04-29 23:57:00,29230.45,27782.485134446404,-2,SHORT,Market,0.05943509746072946,32153.495000000003
2023-05-03 23:57:00,29026.16,27934.98166030279,2,LONG,Market,0.00698894474768609,26123.544
2023-05-07 23:57:00,28430.1,27319.42682840826,-2,SHORT,Market,-0.020535268874697903,31273.11
2023-05-15 23:57:00,27162.14,28496.872542153094,2,LONG,Market,0.04459920999222652,24445.926
2023-05-19 23:57:00,26880.26,28158.395805986125,-2,SHORT,Market,-0.010377680109151967,29568.286
2023-05-20 23:57:00,27102.43,27883.42419868442,2,LONG,Market,-0.008265173030320462,24392.186999999998
2023-05-21 23:57:00,26747.78,27476.729329596255,-2,SHORT,Market,-0.013085542514084584,29422.557999999997
2023-05-23 23:57:00,27219.61,26950.825592298253,2,LONG,Market,-0.01763996862543365,24497.649
2023-05-24 23:57:00,26329.01,26028.593726551408,-2,SHORT,Market,-0.03271905806144916,28961.911
2023-05-26 23:57:00,26705.92,25616.94141154819,2,LONG,Market,-0.014315388235258367,24035.327999999998
2023-05-30 23:57:00,27694.4,26526.689072909976,-2,SHORT,Market,0.037013516104294604,30463.840000000004
2023-06-03 23:57:00,27069.22,27085.718853941904,2,LONG,Market,0.02257423883528801,24362.298000000003
2023-06-04 23:57:00,27115.21,27091.108306845217,-2,SHORT,Market,0.001698977658018885,29826.731
2023-06-07 23:57:00,26339.34,27825.652002642622,2,LONG,Market,0.028613829655016465,23705.406
2023-06-08 23:57:00,26498.61,27952.171028223063,-2,SHORT,Market,0.00604684855429181,29148.471
2023-06-09 23:57:00,26477.81,27932.183739806493,2,LONG,Market,0.0007849468330602727,23830.029000000002
2023-06-10 23:57:00,25841.21,27218.718285160416,-2,SHORT,Market,-0.024042773930321358,28425.331
2023-06-12 23:57:00,25905.19,27110.49964839414,2,LONG,Market,-0.002475890254365007,23314.671
2023-06-13 23:57:00,25934.25,27100.245994713256,-2,SHORT,Market,0.0011217829323004892,28527.675
2023-06-16 23:57:00,26345.0,26630.378430609377,2,LONG,Market,-0.015838129114973443,23710.5
2023-06-25 23:57:00,30462.66,30752.696823813072,-2,SHORT,Market,0.15629758967546023,33508.926
2023-06-27 23:57:00,30692.44,30474.600029333662,2,LONG,Market,-0.007543005108549248,27623.196
2023-06-28 23:57:00,30077.41,29818.22331228453,-2,SHORT,Market,-0.02003848504713209,33085.151
2023-06-30 23:57:00,30472.0,29382.306285890067,2,LONG,Market,-0.013119148224531306,27424.8
2023-07-05 23:57:00,30504.81,29369.869524716683,-2,SHORT,Market,0.0010767261748490847,33555.291000000005
2023-07-08 23:57:00,30284.63,29537.80285842988,2,LONG,Market,0.007217878098568727,27256.167
2023-07-09 23:57:00,30160.71,29372.632054755297,-2,SHORT,Market,-0.004091844608965072,33176.781
2023-07-10 23:57:00,30411.57,29084.267900421193,2,LONG,Market,-0.008317443455409392,27370.413
2023-07-15 23:57:00,30289.52,28923.918327183932,-2,SHORT,Market,-0.004013275210717476,33318.472
2023-07-21 23:57:00,29901.72,29250.848503803023,2,LONG,Market,0.012803108137732102,26911.548000000003
2023-07-22 23:57:00,29794.0,29101.596975014232,-2,SHORT,Market,-0.0036024683529911044,32773.4
2023-07-23 23:57:00,30083.75,28774.928276822626,2,LONG,Market,-0.009725112438746056,27075.375
2023-07-24 23:57:00,29176.5,27863.986645477828,-2,SHORT,Market,-0.03015747704325425,32094.15
2023-07-28 23:57:00,29314.14,27690.74244101786,2,LONG,Market,-0.004717495244460419,26382.726
2023-07-31 23:57:00,29232.25,27571.851341042733,-2,SHORT,Market,-0.0027935324044982873,32155.475
2023-08-01 23:57:00,29705.99,27083.662107187938,2,LONG,Market,-0.016206073771262958,26735.391000000003
2023-08-03 23:57:00,29193.64,26575.91485573471,-2,SHORT,Market,-0.017247363242228322,32113.004
2023-08-07 23:57:00,29211.06,26520.192993944253,2,LONG,Market,-0.000596705309786717,26289.954
2023-08-10 23:57:00,29455.75,26702.56232941348,-2,SHORT,Market,0.00837662173163174,32401.325
2023-08-14 23:57:00,29430.93,26685.00859530432,2,LONG,Market,0.0008426198619963745,26487.837
2023-08-15 23:57:00,29200.0,26435.59697409696,-2,SHORT,Market,-0.007846507059070178,32120.0
2023-08-21 23:57:00,26126.92,29178.090987853553,2,LONG,Market,0.10524246575342472,23514.228
2023-08-25 23:57:00,26060.01,29059.599924173417,-2,SHORT,Market,-0.002560960113170625,28666.011
2023-08-28 23:57:00,26120.0,28949.115484743765,2,LONG,Market,-0.002301994511897793,23508.0
2023-08-31 23:57:00,25940.78,28707.06009340119,-2,SHORT,Market,-0.00686140888208274,28534.858
2023-09-04 23:57:00,25826.02,28790.997311974574,2,LONG,Market,0.00442392248806699,23243.418
2023-09-05 23:57:00,25792.1,28709.996602712334,-2,SHORT,Market,-0.0013134040785224316,28371.309999999998
2023-09-06 23:57:00,25759.95,28702.71878259346,2,LONG,Market,0.0012465057129895517,23183.955
2023-09-09 23:57:00,25901.61,28817.50767937652,-2,SHORT,Market,0.0054992342764640404,28491.771
2023-09-13 23:57:00,26222.0,28417.82321756043,2,LONG,Market,-0.012369501355321133,23599.8
2023-09-17 23:57:00,26527.51,28706.289807850288,-2,SHORT,Market,0.011650903821218762,29180.261
2023-09-18 23:57:00,26762.51,28408.929155088088,2,LONG,Market,-0.008858728165591117,24086.259
2023-09-21 23:57:00,26568.08,28159.924503748316,-2,SHORT,Market,-0.007265013632876612,29224.888000000003
2023-09-26 23:57:00,26221.67,28484.850006713878,2,LONG,Market,0.01303857862517741,23599.502999999997
2023-10-03 23:57:00,27426.46,29750.897590040015,-2,SHORT,Market,0.045946348954891164,30169.106
2023-10-04 23:57:00,27778.57,29324.319342081475,2,LONG,Market,-0.012838332034101396,25000.713
2023-10-05 23:57:00,27410.39,28891.665343632776,-2,SHORT,Market,-0.01325410199301117,30151.429
2023-10-07 23:57:00,27956.67,28272.526518313352,2,LONG,Market,-0.01992966900507431,25161.002999999997
2023-10-09 23:57:00,27590.12,27859.426419617914,-2,SHORT,Market,-0.013111361260121442,30349.131999999998
2023-10-14 23:57:00,26852.48,28562.477364198596,2,LONG,Market,0.026735657546976942,24167.232
2023-10-24 02:24:00,35199.99,37398.72285787972,-1,Squared_Off,TP,0.3108655140977667,0.0
2023-10-27 23:57:00,33892.02,37398.72285787972,-1,SHORT,Market,0.0,37281.221999999994
2023-10-29 23:57:00,34525.89,36643.17019821131,2,LONG,Market,-0.018702632655120666,31073.301
2023-11-03 23:57:00,34716.78,36790.801661552716,-2,SHORT,Market,0.005528894403591027,38188.458
2023-11-05 23:57:00,35011.88,36422.885834644636,2,LONG,Market,-0.00850021228927333,31510.691999999995
2023-11-06 23:57:00,35046.09,36403.840195343306,-2,SHORT,Market,0.0009770969168179239,38550.69899999999
2023-11-07 23:57:00,35399.12,35982.52740142222,2,LONG,Market,-0.010073306323187727,31859.208000000002
2023-11-12 23:57:00,37064.13,37621.00438165683,-2,SHORT,Market,0.04703535003130006,40770.543
2023-11-15 23:57:00,37858.2,36758.57227694964,2,LONG,Market,-0.02142421797031253,34072.38
2023-11-17 23:57:00,36613.92,35495.29572433421,-2,SHORT,Market,-0.03286685579346083,40275.312
2023-11-18 23:57:00,36568.1,35486.472893373975,2,LONG,Market,0.0012514366120863242,32911.29
2023-11-21 23:57:00,35741.65,34631.23828023172,-2,SHORT,Market,-0.02260029916785387,39315.815
2023-11-23 23:57:00,37294.28,33074.89810322383,2,LONG,Market,-0.043440355999233314,33564.852
2023-11-27 23:57:00,37242.7,32979.54138872461,-2,SHORT,Market,-0.001383053916042936,40966.969999999994
2023-11-28 23:57:00,37818.87,32419.85605143547,2,LONG,Market,-0.01547068284522888,34036.983
2023-12-08 23:57:00,44170.99,37816.51894853689,-2,SHORT,Market,0.167961655120843,48588.089
2023-12-09 23:57:00,43713.6,38151.38370890122,2,LONG,Market,0.010354986383597005,39342.24
2023-12-10 23:57:00,43789.51,38160.40767505814,-2,SHORT,Market,0.001736530507668174,48168.461
2023-12-13 23:57:00,42869.03,38905.32018324791,2,LONG,Market,0.021020559490161073,38582.127
2023-12-16 23:57:00,42278.03,38310.60660481046,-2,SHORT,Market,-0.013786176174268465,46505.833
2023-12-19 23:57:00,42275.99,38254.98925874299,2,LONG,Market,4.825201174228963e-05,38048.390999999996
2023-12-23 23:57:00,43702.16,39488.12931569051,-2,SHORT,Market,0.03373475109630799,48072.376000000004
2023-12-28 23:57:00,42563.76,40457.52560170474,2,LONG,Market,0.026049055698848782,38307.384000000005
2023-12-29 23:57:00,42066.95,39924.61356787502,-2,SHORT,Market,-0.011672136108276264,46273.645
2023-12-31 23:57:00,42283.58,39659.12892681351,2,LONG,Market,-0.005149648358153008,38055.222
2024-01-03 23:57:00,42845.23,40126.429823182356,-2,SHORT,Market,0.013282933942679438,47129.753000000004
2024-01-05 23:57:00,44145.11,38848.84576608107,2,LONG,Market,-0.030338966554736602,39730.599
2024-01-06 23:57:00,43968.32,38634.9926961134,-2,SHORT,Market,-0.0040047470716462336,48365.152
2024-01-08 23:57:00,46951.04,35956.122113893245,2,LONG,Market,-0.06783793422173058,42255.936
2024-01-12 22:21:00,42060.86,32157.182298495336,-1,Squared_Off,SL,-0.10415488134022165,0.0
2024-01-16 23:57:00,43137.95,32157.182298495336,1,LONG,Market,0.0,38824.155
2024-01-18 23:57:00,41327.5,30759.346678687,-2,SHORT,Market,-0.04196884645654226,45460.25
2024-01-21 23:57:00,41580.33,30525.03064286176,2,LONG,Market,-0.006117718226362634,37422.297
2024-01-22 23:57:00,39568.02,29001.962266924802,-2,SHORT,Market,-0.0483957198030897,43524.822
2024-01-25 23:57:00,39961.09,28670.352885338725,2,LONG,Market,-0.009934032584900629,35964.981
2024-01-31 23:57:00,42580.0,30506.30195597139,-2,SHORT,Market,0.06553650063098888,46838.0
2024-02-01 23:57:00,43082.94,30100.212782376646,2,LONG,Market,-0.011811648661343408,38774.646
2024-02-04 23:57:00,42582.88,29705.69186769694,-2,SHORT,Market,-0.01160691447705298,46841.168
2024-02-06 23:57:00,43098.95,29301.124415464,2,LONG,Market,-0.012119189683741441,38789.055
2024-02-18 23:57:00,52137.67,35402.21012015876,-2,SHORT,Market,0.20972019039907008,57351.437
2024-02-20 23:57:00,52258.82,35266.8442536206,2,LONG,Market,-0.0023236558135413697,47032.938
2024-02-21 23:57:00,51849.39,34937.64031175037,-2,SHORT,Market,-0.007834658340926953,57034.329
2024-02-25 23:57:00,51728.85,34966.45724008594,2,LONG,Market,0.0023248103786756387,46555.965
2024-03-03 23:57:00,63113.97,42609.85448786627,-2,SHORT,Market,0.22009226959424003,69425.367
2024-03-04 23:57:00,68245.71,39081.370852843145,2,LONG,Market,-0.08130909844524128,61421.139
2024-03-05 19:54:00,59952.89,34273.80891688683,-1,Squared_Off,SL,-0.12151415817932008,0.0
2024-03-06 23:57:00,66074.04,34273.80891688683,-1,SHORT,Market,0.0,72681.44399999999
2024-03-07 23:57:00,66823.17,33833.81081769542,2,LONG,Market,-0.011337735667442232,60140.852999999996
2024-03-15 23:57:00,69499.85,35138.31284897411,-2,SHORT,Market,0.04005616614716134,76449.835
2024-03-18 23:57:00,67609.99,36041.09653429684,2,LONG,Market,0.027192288904220662,60848.991
2024-03-19 23:57:00,61937.4,32963.12727185654,-2,SHORT,Market,-0.0839016541786207,68131.14
2024-03-21 23:57:00,65501.27,31016.988493202884,2,LONG,Market,-0.05753987090191056,58951.143
2024-03-22 23:57:00,63796.64,30163.265087504205,-2,SHORT,Market,-0.026024380901316837,70176.304
2024-03-24 23:57:00,67209.99,28504.17687639386,2,LONG,Market,-0.05350360144358709,60488.991
2024-03-29 23:57:00,69850.54,29581.294371675893,-2,SHORT,Market,0.03928805821872594,76835.594
2024-03-31 23:57:00,71280.01,28931.550261693057,2,LONG,Market,-0.0204646950474542,64152.00899999999
2024-04-02 23:57:00,65463.99,26527.51248530995,-2,SHORT,Market,-0.08159398406369468,72010.389
2024-04-04 23:57:00,68487.79,25262.40799853524,2,LONG,Market,-0.04619027957202113,61639.01099999999
2024-04-10 23:57:00,70631.08,26015.088391614558,-2,SHORT,Market,0.03129448329402961,77694.188
2024-04-11 23:57:00,70006.23,26206.212713901685,2,LONG,Market,0.008846672031632615,63005.606999999996
2024-04-12 23:57:00,67116.52,25085.166027435265,-2,SHORT,Market,-0.0412778976956764,73828.172
2024-04-19 23:57:00,63818.01,26280.374411631587,2,LONG,Market,0.049146022469579796,57436.209
2024-04-24 23:57:00,64289.59,26435.151365183243,-2,SHORT,Market,0.007389450094103443,70718.549
2024-04-29 23:57:00,63866.0,26569.674049221117,2,LONG,Market,0.006588780547519381,57479.4
2024-04-30 23:57:00,60672.0,25201.044620143777,-2,SHORT,Market,-0.05001096044843892,66739.2
2024-05-03 23:57:00,62882.01,24245.281545088495,2,LONG,Market,-0.03642553401898738,56593.809
2024-05-07 23:57:00,62312.08,23989.166936699723,-2,SHORT,Market,-0.009063482544530627,68543.288
2024-05-10 23:57:00,60799.99,24535.313961472046,2,LONG,Market,0.024266402277054525,54719.990999999995
2024-05-11 23:57:00,60825.99,24509.00306730482,-2,SHORT,Market,0.0004276316492815213,66908.58899999999
2024-05-12 23:57:00,61483.99,24207.10743713901,2,LONG,Market,-0.010817744191257717,55335.591
2024-05-19 23:57:00,66274.01,26056.694694547867,-2,SHORT,Market,0.07790678516472332,72901.411
2024-05-20 23:57:00,71446.62,23983.914701137248,2,LONG,Market,-0.07804884599558712,64301.958
2024-05-22 23:57:00,69166.62,23182.56566631601,-2,SHORT,Market,-0.031911936491887234,76083.28199999999
2024-05-25 23:57:00,69290.57,23106.247514880524,2,LONG,Market,-0.001792049401864825,62361.513000000006
2024-05-27 23:57:00,69436.43,23120.227911797727,-2,SHORT,Market,0.0021050483492917726,76380.07299999999
2024-05-28 23:57:00,68398.39,23431.183446969826,2,LONG,Market,0.014949501292045022,61558.551
2024-05-29 23:57:00,67652.42,23140.49030709786,-2,SHORT,Market,-0.010906250863507185,74417.662
2024-06-02 23:57:00,67765.63,23067.056124528204,2,LONG,Market,-0.0016734065093311726,60989.067
2024-06-07 23:57:00,69355.6,23573.67278020646,-2,SHORT,Market,0.023462778992831633,76291.16
2024-06-10 23:57:00,69540.0,23475.635497125033,2,LONG,Market,-0.002658761513129353,62586.0
2024-06-11 23:57:00,67314.24,22689.03966734669,-2,SHORT,Market,-0.03200690250215696,74045.664
2024-06-16 23:57:00,66676.87,22869.839005205533,2,LONG,Market,0.009468576039780139,60009.183
2024-06-18 23:57:00,65175.32,22320.50996978931,-2,SHORT,Market,-0.022519803344098123,71692.852
2024-06-28 23:57:00,60427.84,23912.892716841554,2,LONG,Market,0.07284168301743671,54385.056
2024-06-29 23:57:00,60986.68,24098.171129628343,-2,SHORT,Market,0.009248055201046467,67085.348
2024-06-30 23:57:00,62772.01,23356.57166824167,2,LONG,Market,-0.02927409722909989,56494.809
2024-07-02 23:57:00,62135.47,23084.68933477506,-2,SHORT,Market,-0.010140506891526985,68349.017
2024-07-09 23:57:00,58050.0,24567.903973758446,2,LONG,Market,0.06575101145931625,52245.0
2024-07-11 23:57:00,57339.89,24230.51957187523,-2,SHORT,Market,-0.012232730404823438,63073.879
2024-07-12 23:57:00,57889.1,23962.09026996323,2,LONG,Market,-0.009578148824491975,52100.19
2024-07-18 23:57:00,63987.92,26450.637502870406,-2,SHORT,Market,0.10535351214650081,70386.712
2024-07-19 23:57:00,66660.0,25306.405882692816,2,LONG,Market,-0.041759132036171855,59994.0
2024-07-23 23:57:00,65936.01,24993.595016817908,-2,SHORT,Market,-0.01086093609360944,72529.61099999999
2024-07-26 23:57:00,67907.99,24208.60914342775,2,LONG,Market,-0.029907481511241136,61117.191000000006
2024-07-29 23:57:00,66784.69,23771.849527479008,-2,SHORT,Market,-0.016541499755772522,73463.159
2024-08-07 23:57:00,55134.16,27883.16984165956,2,LONG,Market,0.1744491140110106,49620.744000000006
2024-08-11 23:57:00,58712.59,29651.07559619457,-2,SHORT,Market,0.06490404496957952,64583.848999999995
2024-08-14 23:57:00,58683.39,29621.345588381955,2,LONG,Market,0.0004973379644808225,52815.051
2024-08-15 23:57:00,57541.06,29000.304895790607,-2,SHORT,Market,-0.01946598517911119,63295.166
2024-08-16 23:57:00,58874.6,28284.709301674455,2,LONG,Market,-0.023175450712934396,52987.14
2024-08-19 23:57:00,59438.5,28513.19274200077,-2,SHORT,Market,0.009577984393949199,65382.35
2024-08-20 23:57:00,59013.8,28674.155431963245,2,LONG,Market,0.007145200501358498,53112.42
2024-08-26 23:57:00,62834.0,30487.33730248234,-2,SHORT,Market,0.0647340113668328,69117.4
2024-08-31 23:57:00,58973.99,32314.500380320114,2,LONG,Market,0.06143186809689025,53076.591
2024-09-01 23:57:00,57301.86,31349.793429775127,-2,SHORT,Market,-0.028353686091105543,63032.046
2024-09-03 23:57:00,57487.73,31201.07943836184,2,LONG,Market,-0.003243699244666798,51738.957
2024-09-04 23:57:00,57970.9,31416.515092309935,-2,SHORT,Market,0.008404750022309077,63767.990000000005
2024-09-09 23:57:00,57042.0,31872.79462888949,2,LONG,Market,0.0160235566465244,51337.8
2024-09-15 23:57:00,59132.0,32992.794082757646,-2,SHORT,Market,0.03663966901581291,65045.2
2024-09-18 23:57:00,61759.99,31477.01366316929,2,LONG,Market,-0.04444277210309135,55583.990999999995
2024-09-23 23:57:00,63339.99,32235.071614833578,-2,SHORT,Market,0.025582905696714005,69673.989
2024-09-24 23:57:00,64262.7,31717.132211933098,2,LONG,Market,-0.014567574134444908,57836.42999999999
2024-09-29 23:57:00,63327.59,31208.028947815743,-1,Squared_Off,Market,-0.014551364944205591,0.0
